Start,Output0
0.233744,0.0
0.226519,0.8414709848078965
0.220595,0.9092974268256817
0.215969,0.1411200080598672
0.212482,-0.7568024953079282
0.209918,-0.9589242746631385
0.208063,-0.27941549819892586
0.206735,0.6569865987187891
0.205792,0.9893582466233818
0.205124,0.4121184852417566
0.204652,-0.5440211108893698
0.204319,-0.9999902065507035
0.204084,-0.5365729180004349
0.203919,0.4201670368266409
0.203802,0.9906073556948704
0.20372,0.6502878401571168
0.203661,-0.2879033166650653
0.20362,-0.9613974918795568
0.20359,-0.7509872467716762
0.20357,0.14987720966295234
0.203555,0.9129452507276277
0.203544,0.8366556385360561
0.203537,-0.008851309290403876
0.203532,-0.8462204041751706
0.203528,-0.9055783620066238
0.203525,-0.13235175009777303
0.203523,0.7625584504796027
0.203522,0.956375928404503
0.203521,0.27090578830786904
0.20352,-0.6636338842129675
0.203519,-0.9880316240928618
0.203519,-0.404037645323065
0.203519,0.5514266812416906
0.203519,0.9999118601072672
0.203518,0.5290826861200238
0.203518,-0.428182669496151
0.203518,-0.9917788534431158
0.203518,-0.6435381333569995
0.203518,0.2963685787093853
0.203518,0.9637953862840878
0.203518,0.7451131604793488
0.203518,-0.158622668804709
0.203518,-0.9165215479156338
0.203518,-0.8317747426285983
0.203518,0.017701925105413577
0.203518,0.8509035245341184
0.203518,0.9017883476488092
0.203518,0.123573122745224
0.203518,-0.7682546613236668
0.203518,-0.9537526527594719
0.203518,-0.26237485370392877
0.203518,0.6702291758433747
0.203518,0.9866275920404853
0.203518,0.39592515018183416
0.203518,-0.5587890488516163
0.203518,-0.9997551733586199
0.203518,-0.5215510020869119
0.203518,0.43616475524782494
0.203518,0.9928726480845371
0.203518,0.6367380071391379
0.203518,-0.3048106211022167
0.203518,-0.9661177700083929
0.203518,-0.7391806966492228
0.203518,0.16735570030280691
0.203518,0.9200260381967907
0.203518,0.8268286794901034
0.203518,-0.026551154023966794
0.203518,-0.8555199789753223
0.203518,-0.8979276806892913
0.203518,-0.11478481378318722
0.203518,0.7738906815578891
0.203518,0.9510546532543747
0.203518,0.25382336276203626
0.203518,-0.6767719568873076
0.203518,-0.9851462604682474
0.203518,-0.38778163540943045
0.203518,0.5661076368981803
0.203518,0.9995201585807313
0.203518,0.5139784559875352
0.203518,-0.4441126687075084
0.203518,-0.9938886539233752
0.203518,-0.6298879942744539
0.203518,0.31322878243308516
0.203518,0.9683644611001854
0.203518,0.7331903200732922
0.203518,-0.1760756199485871
0.203518,-0.9234584470040598
0.203518,-0.8218178366308225
0.203518,0.03539830273366068
0.203518,0.8600694058124532
0.203518,0.8939966636005579
0.203518,0.10598751175115685
0.203518,-0.7794660696158047
0.203518,-0.9482821412699473
0.203518,-0.24525198546765434
0.203518,0.683261714736121
0.203518,0.9835877454343449
0.203518,0.3796077390275217
0.203518,-0.5733818719904229
0.203518,-0.9992068341863537
0.203518,-0.5063656411097588
0.203518,0.45202578717835057
0.203518,0.9948267913584063
0.203518,0.6229886314423488
0.203518,-0.32162240316253093
0.203518,-0.9705352835374847
0.203518,-0.7271425000808526
0.203518,0.18478174456066745
0.203518,0.926818505417785
0.203518,0.8167426066363169
0.203518,-0.044242678085070965
0.203518,-0.8645514486106083
0.203518,-0.8899956043668333
0.203518,-0.09718190589320902
0.203518,0.7849803886813105
0.203518,0.9454353340247703
0.203518,0.23666139336428604
0.203518,-0.689697940935389
0.203518,-0.9819521690440836
0.203518,-0.3714041014380902
0.203518,0.5806111842123143
0.203518,0.9988152247235795
0.203518,0.4987131538963941
0.203518,-0.45990349068959124
0.203518,-0.9956869868891794
0.203518,-0.6160404591886565
0.203518,0.329990825673782
0.203518,0.972630067242408
0.203518,0.7210377105017316
0.203518,-0.19347339203846847
0.203518,-0.9301059501867618
0.203518,-0.8116033871367005
0.203518,0.05308358714605824
0.203518,0.8689657562142357
0.203518,0.8859248164599484
0.203518,0.08836868610400143
0.203518,-0.7904332067228887
0.203518,-0.9425144545582509
0.203518,-0.2280522595008612
0.203518,0.6960801312247415
0.203518,0.9802396594403116
0.203518,0.363171365373259
0.203518,-0.5877950071674065
0.203518,-0.9983453608739179
0.203518,-0.49102159389846933
0.203518,0.4677451620451334
0.203518,0.9964691731217737
0.203518,0.6090440218832924
0.203518,-0.3383333943242765
0.203518,-0.9746486480944947
0.203518,-0.7148764296291646
0.203518,0.20214988141565363
0.203518,0.933320523748862
0.203518,0.8064005807754863
0.203518,-0.06192033725605731
0.203518,-0.8733119827746476
0.203518,-0.8817846188147811
0.203518,-0.0795485428747221
0.203518,0.7958240965274552
0.203518,0.9395197317131483
0.203518,0.21942525837900473
0.203518,-0.702407785577371
0.203518,-0.9784503507933796
0.203518,-0.35491017584493534
0.203518,0.5949327780232085
0.203518,0.9977972794498907
0.203518,0.48329156372825655
0.203518,-0.47555018687189876
0.203518,-0.9971732887740798
0.203518,-0.6019998676776046
0.203518,0.3466494554970303
0.203518,0.9765908679435658
0.203518,0.7086591401823227
0.203518,-0.2108105329134813
0.203518,-0.9364619742512132
0.203518,-0.8011345951780408
0.203518,0.07075223608034517
0.203518,0.8775897877771157
0.203518,0.8775753358042688
0.203518,0.07072216723899125
0.203518,-0.8011526357338304
0.203518,-0.936451400117644
0.203518,-0.21078106590019152
0.203518,0.7086804082392084
0.203518,0.9765843832906294
0.203518,0.346621180094276
0.203518,-0.6020239375552833
0.203518,-0.997171023392149
0.203518,-0.47552366901205834
0.203518,0.48331795366796265
0.203518,0.9977992786806003
0.203518,0.594908548461427
0.203518,-0.3549383576518463
0.203518,-0.9784565746221131
0.203518,-0.7023863292684921
0.203518,0.21945466799406363
0.203518,0.9395300555699313
0.203518,0.7958058429196471
0.203518,-0.07957859166428352
0.203518,-0.8817988360675502
0.203518,-0.8732972972139946
0.203518,-0.06189025071872073
0.203518,0.8064184068658304
0.203518,0.9333097001669604
0.203518,0.2021203593127912
0.203518,-0.7148975077677643
0.203518,-0.97464190312541
0.203518,-0.3383050275409778
0.203518,0.6090679301910603
0.203518,0.9964666417661079
0.203518,0.46771851834275896
0.203518,-0.491047853850463
0.203518,-0.9983470937967718
0.203518,-0.5877706198198406
0.203518,0.36319945137636067
0.203518,0.9802456219572225
0.203518,0.6960584883449115
0.203518,-0.22808160941352784
0.203518,-0.9425245273294025
0.203518,-0.7904147414931815
0.203518,0.08839871248753149
0.203518,0.8859387978787574
0.203518,0.8689508382163493
0.203518,0.05305348526993529
0.203518,-0.8116209973649745
0.203518,-0.9300948780045254
0.203518,-0.19344381715900788
0.203518,0.7210585970706318
0.203518,0.9726230624856244
0.203518,0.32996236973239734
0.203518,-0.6160642040533645
0.203518,-0.9956841897581032
0.203518,-0.4598767232321427
0.203518,0.49873928180328125
0.203518,0.9988166912028082
0.203518,0.5805866409896446
0.203518,-0.37143208943692263
0.203518,-0.9819578697820255
0.203518,-0.6896761131802671
0.203518,0.2366906812750767
0.203518,0.9454451549211168
0.203518,0.7849617132764033
0.203518,-0.09721190751822432
0.203518,-0.8900093488562771
0.203518,-0.8645362993442719
0.203518,-0.04421256322855966
0.203518,0.8167599996228085
0.203518,0.9268071855026884
0.203518,0.184752119221718
0.203518,-0.727163193443649
0.203518,-0.9705280195418053
0.203518,-0.3215938602925038
0.203518,0.623012211003653
0.203518,0.9948237286710673
0.203518,0.45199889806298343
0.203518,-0.5063916349244909
0.203518,-0.9992080341070627
0.203518,-0.5733571748155426
0.203518,0.37963562682930313
0.203518,0.9835931839466808
0.203518,0.6832397038158508
0.203518,-0.24528120908194284
0.203518,-0.9482917095220488
0.203518,-0.7794471854988634
0.203518,0.10601748626711377
0.203518,0.8940101700837942
0.203518,0.8600540264645697
0.203518,0.035368177256176046
0.203518,-0.8218350110128397
0.203518,-0.9234468802429867
0.203518,-0.1760459464712114
0.203518,0.7332108186087175
0.203518,0.9683569384347241
0.203518,0.3132001548706699
0.203518,-0.6299114066849614
0.203518,-0.9938853259197261
0.203518,-0.4440856600409099
0.203518,0.5140043136735694
0.203518,0.99952109184891
0.203518,0.5660827877060441
0.203518,-0.3878094208292295
0.203518,-0.9851514363288851
0.203518,-0.6767497645263835
0.203518,0.253852519790234
0.203518,0.9510639681125854
0.203518,0.7738715902084317
0.203518,-0.11481475884166603
0.203518,-0.8979409481081247
0.203518,-0.8555043707508208
0.203518,-0.026521020285755953
0.203518,0.8268456339220814
0.203518,0.9200142254959646
0.203518,0.16732598101183924
0.203518,-0.739200998751274
0.203518,-0.9661099892625297
0.203518,-0.30478191109030295
0.203518,0.6367612505645516
0.203518,0.992869055025318
0.203518,0.43613762914604876
0.203518,-0.5215767216183704
0.203518,-0.9997558399011495
0.203518,-0.5587640495890891
0.203518,0.39595283104274065
0.203518,0.9866325048439105
0.203518,0.6702068037805061
0.203518,-0.2624039418616639
0.203518,-0.9537617134939987
0.203518,-0.7682353642374471
0.203518,0.12360303600011291
0.203518,0.9018013749637745
0.203518,0.8508876886558596
0.203518,0.01767178546737087
0.203518,-0.8317914757822045
0.203518,-0.9165094902005468
0.203518,-0.15859290602857282
0.203518,0.7451332645574127
0.203518,0.9637873480674221
0.203518,0.2963397884973224
0.203518,-0.6435612059762619
0.203518,-0.9917749956098326
0.203518,-0.42815542808445156
0.203518,0.5291082654818533
0.203518,0.9999122598719259
0.203518,0.551401533867395
0.203518,-0.4040652194563607
0.203518,-0.9880362734541701
0.203518,-0.6636113342009432
0.203518,0.2709348053161655
0.203518,0.9563847343054627
0.203518,0.7625389491684939
0.203518,-0.13238162920545193
0.203518,-0.9055911481970673
0.203518,-0.8462043418838515
0.203518,-0.008821166113885877
0.203518,0.8366721491002946
0.203518,0.9129329489429682
0.203518,0.14984740573347818
0.203518,-0.7510071512506543
0.203518,-0.9613891968218607
0.203518,-0.2878744485084861
0.203518,0.6503107401625525
0.203518,0.9906032333897737
0.203518,0.4201396822393068
0.203518,-0.5365983551885637
0.203518,-0.9999903395061709
0.203518,-0.5439958173735323
0.203518,0.412145950487085
0.203518,0.9893626321783087
0.203518,0.6569638725243396
0.203518,-0.27944444178438205
0.203518,-0.9589328250406132
0.203518,-0.7567827912998033
0.203518,0.14114985067939137
0.203518,0.9093099708898409
0.203518,0.8414546973619527
0.203518,-3.014435335948845e-05
0.203518,-0.8414872714892108
0.203518,-0.9092848819352602
0.203518,-0.14109016531210986
0.203518,0.7568221986283603
0.203518,0.9589157234143065
0.203518,0.2793865543595699
0.203518,-0.6570093243162466
0.203518,-0.9893538601694428
0.203518,-0.41209101962194344
0.203518,0.5440464039108651
0.203518,0.9999900726865629
0.203518,0.5365474803247321
0.203518,-0.42019439103217676
0.203518,-0.9906114770998198
0.203518,-0.6502649395607762
0.203518,0.28793218456003195
0.203518,0.9614057860636483
0.203518,0.7509673416102893
0.203518,-0.14990701345623575
0.203518,-0.9129575516827102
0.203518,-0.8366391272115635
0.203518,0.00888145245887885
0.203518,0.8462364656975445
0.203518,0.9055655749932976
0.203518,0.13232187086982847
0.203518,-0.7625779510977885
0.203518,-0.9563671216345017
0.203518,-0.27087677105340535
0.203518,0.6636564336219596
0.203518,0.9880269738337468
0.203518,0.4040100708226276
0.203518,-0.5514518281149147
0.203518,-0.9999114594340064
0.203518,-0.5290571062774264
0.203518,0.42820991051876856
0.203518,0.9917827103751873
0.203518,0.6435150601529656
0.203518,-0.2963973686521434
0.203518,-0.9638034236249698
0.203518,-0.745093055724214
0.203518,0.15865243143670757
0.203518,0.916533604797894
0.203518,0.8317580087191733
0.203518,-0.017732064727370864
0.203518,-0.8509193596391765
0.203518,-0.9017753195144049
0.203518,-0.12354320937804643
0.203518,0.7682739577117872
0.203518,0.953743591158287
0.203518,0.26234576530777837
0.203518,-0.6702515472972181
0.203518,-0.9866226783405293
0.203518,-0.39589746896115763
0.203518,0.5588140476063818
0.203518,0.9997545059076306
0.203518,0.5215252820815293
0.203518,-0.43619188095326605
0.203518,-0.9928762402415507
0.203518,-0.6367147631351318
0.203518,0.30483933083715453
0.203518,0.9661255498763623
0.203518,0.7391603938754915
0.203518,-0.1673854194417015
0.203518,-0.9200378500616057
0.203518,-0.8268117243068012
0.203518,0.02658128773805108
0.203518,0.8555355864224281
0.203518,0.8979144124545271
0.203518,0.1147548686204055
0.203518,-0.773909772204126
0.203518,-0.9510453375319575
0.203518,-0.2537942055031938
0.203518,0.6767941486332613
0.203518,0.9851410837124249
0.203518,0.38775384963726117
0.203518,-0.5661324855759046
0.203518,-0.9995192244043064
0.203518,-0.5139525978344581
0.203518,0.4441396769705497
0.203518,0.9938919810238954
0.203518,0.6298645812915785
0.203518,-0.31325740971087507
0.203518,-0.9683719828857112
0.203518,-0.73316982087163
0.203518,0.176105293265966
0.203518,0.9234700129260028
0.203518,0.8218006615020342
0.203518,-0.035428428178979524
0.203518,-0.860084784378807
0.203518,-0.8939831563049628
0.203518,-0.10595753713889097
0.203518,0.7794849530244592
0.203518,0.9482725721561587
0.203518,0.2452227616305097
0.203518,-0.6832837250355235
0.203518,-0.9835823060282404
0.203518,-0.3795798508807975
0.203518,0.5734065686442813
0.203518,0.9992056333576834
0.203518,0.5063396468349013
0.203518,-0.45205267588297
0.203518,-0.9948298531417643
0.203518,-0.6229650513149461
0.203518,0.32165094574030556
0.203518,0.970542546651256
0.203518,0.7271218060573148
0.203518,-0.18481136973170906
0.203518,-0.9268298244906983
0.203518,-0.816725212907666
0.203518,0.04427279290137974
0.203518,0.8645665970913422
0.203518,0.8899818590686664
0.203518,0.09715190417988626
0.203518,-0.7849990633729202
0.203518,-0.9454255122693237
0.203518,-0.2366321052384454
0.203518,0.689719768063795
0.203518,0.9819464674138593
0.203518,0.3713761131017696
0.203518,-0.580635726907393
0.203518,-0.9988137573367454
0.203518,-0.4986870255363352
0.203518,0.45993025772913376
0.203518,0.9956897831154927
0.203518,0.6160167137641636
0.203518,-0.33001928131531005
0.203518,-0.9726370711153801
0.203518,-0.7210168232776373
0.203518,0.19350296674212325
0.203518,0.9301170215238276
0.203518,0.8115857761709371
0.203518,-0.053113688973945104
0.203518,-0.8689806734225085
0.203518,-0.8859108342361154
0.203518,-0.08833865964017233
0.203518,0.7904516712343437
0.203518,0.9425043809306535
0.203518,0.22802290938096753
0.203518,-0.6961017734720562
0.203518,-0.9802336960326743
0.203518,-0.36314327904015004
0.203518,0.5878193939808536
0.203518,0.9983436270438855
0.203518,0.4909953335002932
0.203518,-0.46777180532247614
0.203518,-0.9964717035719659
0.203518,-0.6090201130220971
0.203518,0.33836176080013775
0.203518,0.9746553921779337
0.203518,0.7148553508409695
0.203518,-0.20217940333482604
0.203518,-0.9333313464826719
0.203518,-0.8063827539523805
0.203518,0.061950423737127995
0.203518,0.8733266675417377
0.203518,0.8817704007607503
0.203518,0.07951849401287635
0.203518,-0.7958423494121123
0.203518,-0.9395094070026404
0.203518,-0.21939584856455807
0.203518,0.7024292412479847
0.203518,0.9784441260755459
0.203518,0.35488199371552387
0.203518,-0.5949570070443855
0.203518,-0.9977952793125009
0.203518,-0.483265173349392
0.203518,0.4755767042996153
0.203518,0.9971755532498972
0.203518,0.6019757972528995
0.203518,-0.34667773058479046
0.203518,-0.9765973517090915
0.203518,-0.708637871481491
0.203518,0.21083999973521134
0.203518,0.9364725475338364
0.203518,0.8011165538942744
0.203518,-0.07078230485740782
0.203518,-0.8776042389525125
0.203518,-0.8775608830339849
0.203518,-0.07069209833337335
0.203518,0.8011706755616272
0.203518,0.9364408251331382
0.203518,0.21075159869536877
0.203518,-0.708701675652129
0.203518,-0.9765778977502884
0.203518,-0.34659290437655327
0.203518,0.6020480068859135
0.203518,0.9971687571041068
0.203518,0.47549715072011806
0.203518,-0.48334434316848646
0.203518,-0.9978012770046274
0.203518,-0.5948843183590627
0.203518,0.35496653913623116
0.203518,0.9784627975617406
0.203518,0.7023648723213674
0.203518,-0.219484077409708
0.203518,-0.9395403785729803
0.203518,-0.7957875885887045
0.203518,0.0796086403815333
0.203518,0.8818130525190443
0.203518,0.873282610859792
0.203518,0.061860164125145584
0.203518,-0.8064362322233966
0.203518,-0.9332988757369771
0.203518,-0.20209083702626568
0.203518,0.7149185852567496
0.203518,0.9746351572706857
0.203518,0.33827666045026744
0.203518,-0.6090918379453792
0.203518,-0.9964641095049708
0.203518,-0.46769187421537717
0.203518,0.4910741133562503
0.203518,0.9983488258124457
0.203518,0.587746231938178
0.203518,-0.36322753704942956
0.203518,-0.9802515835834019
0.203518,-0.6960368448325855
0.203518,0.22811095911894086
0.203518,0.9425345992440989
0.203518,0.7903962755452384
0.203518,-0.08842873879073523
0.203518,-0.8859527784925297
0.203518,-0.8689359194288628
0.203518,-0.053023383345603574
0.203518,0.811638606855743
0.203518,0.9300838049771285
0.203518,0.19341424210376837
0.203518,-0.7210794829843191
0.203518,-0.9726160568450356
0.203518,-0.32993391349118173
0.203518,0.616087948358266
0.203518,0.9956813917222668
0.203518,0.4598499553568124
0.203518,-0.49876540925697305
0.203518,-0.9988181567744302
0.203518,-0.5805620972394064
0.203518,0.37146007709824136
0.203518,0.9819635696276799
0.203518,0.6896542847984487
0.203518,-0.23671996897079078
0.203518,-0.9454549749583542
0.203518,-0.7849430371582153
0.203518,0.09724190905490493
0.203518,0.8900230925369855
0.203518,0.864521149292347
0.203518,0.044182448331873195
0.203518,-0.816777391867125
0.203518,-0.9267958647454188
0.203518,-0.18472249371488758
0.203518,0.7271838861456853
0.203518,0.9705207546642247
0.203518,0.3215653171302501
0.203518,-0.6230357899988372
0.203518,-0.9948206650797496
0.203518,-0.451972008536893
0.203518,0.506417628279074
0.203518,0.9992092331198094
0.203518,0.5733324771196631
0.203518,-0.37966351428611655
0.203518,-0.9835986215652434
0.203518,-0.683217692274733
0.203518,0.24531043247334874
0.203518,0.9483012769124547
0.203518,0.7794283006736524
0.203518,-0.10604746068673451
0.203518,-0.8940236757546596
0.203518,-0.8600386463351707
0.203518,-0.03533805174655298
0.203518,0.8218521846480703
0.203518,0.923435312642794
0.203518,0.17601627283386595
0.203518,-0.7332313164778873
0.203518,-0.9683494148893343
0.203518,-0.31317152702365525
0.203518,0.6299348185230796
0.203518,0.9938819970129513
0.203518,0.4440586509707787
0.203518,-0.514030170892537
0.203518,-0.9995220242088421
0.203518,-0.5660579379995188
0.203518,0.38783720589663306
0.203518,0.9851566112943334
0.203518,0.6767275715505089
0.203518,-0.2538816765877605
0.203518,-0.9510732821065815
0.203518,-0.773852498155771
0.203518,0.11484470379581474
0.203518,0.8979542147110153
0.203518,0.8554887617489377
0.203518,0.026490886523445938
0.203518,-0.8268625876027196
0.203518,-0.9200024119591381
0.203518,-0.1672962615688254
0.203518,0.7392213001816265
0.203518,0.9661022076387795
0.203518,0.3047532008014393
0.203518,-0.6367844934113518
0.203518,-0.9928654610638965
0.203518,-0.43611050264796214
0.203518,0.5216024406758817
0.203518,0.999756505535219
0.203518,0.5587390498188232
0.203518,-0.3959805115438519
0.203518,-0.9866374167508005
0.203518,-0.6701844311086327
0.203518,0.2624330297809573
0.203518,0.9537707733618594
0.203518,0.7682160664531459
0.203518,-0.12363294914268595
0.203518,-0.9018144014592891
0.203518,-0.8508718520044144
0.203518,-0.01764164581327013
0.203518,0.8318082081799767
0.203518,0.9164974316526442
0.203518,0.15856314310832614
0.203518,-0.7451533679583874
0.203518,-0.9637793089749802
0.203518,-0.2963109980159809
0.203518,0.6435842780107317
0.203518,0.9917711368753414
0.203518,0.428128186283695
0.203518,-0.5291338443628917
0.203518,-0.9999126587279824
0.203518,-0.5513763859920506
0.203518,0.40409279322248953
0.203518,0.9880409219176677
0.203518,0.6635887835859072
0.203518,-0.27096382207826836
0.203518,-0.9563935393373727
0.203518,-0.7625194471644794
0.203518,0.13241150819283803
0.203518,0.9056039335646163
0.203518,0.8461882788236016
0.203518,0.008791022929352243
0.203518,-0.8366886589042641
0.203518,-0.912920646328743
0.203518,-0.1498176016678404
0.203518,0.7510270550472057
0.203518,0.9613809008905675
0.203518,0.2878455800903205
0.203518,-0.6503336395770626
0.203518,-0.9905991101845337
0.203518,-0.42011232727019937
0.203518,0.5366237918890951
0.203518,0.999990471552965
0.203518,0.5439705233633756
0.203518,-0.4121734153579038
0.203518,-0.9893670168342196
0.203518,-0.6569411457329191
0.203518,0.279473385115912
0.203518,0.9589413745467228
0.203518,0.7567630866040035
0.203518,-0.1411796931706552
0.203518,-0.9093225141277265
0.203518,-0.8414384091513941
0.203518,6.0288706691585265e-05
0.203518,0.8415035574058807
0.203518,0.909272336218588
0.203518,0.14106032243614638
0.203518,-0.7568419012610816
0.203518,-0.9589071712941251
0.203518,-0.2793576102663403
0.203518,0.6570320493166915
0.203518,0.9893494728164958
0.203518,0.41206355362767066
0.203518,-0.5440716964379951
0.203518,-0.9999899379137492
0.203518,-0.536522042161478
0.203518,0.42022174485588953
0.203518,0.9906155976046185
0.203518,0.6502420383735517
0.203518,-0.28796105219335977
0.203518,-0.9614140793741277
0.203518,-0.750947435766512
0.203518,0.14993681711330134
0.203518,0.9129698518082046
0.203518,0.8366226151268321
0.203518,-0.008911595619283405
0.203518,-0.8462525264509585
0.203518,-0.9055527871571002
0.203518,-0.1322919915216454
0.203518,0.7625974510230334
0.203518,0.9563583139954668
0.203518,0.2708477535528008
0.203518,-0.663678982427899
0.203518,-0.9880223226768295
0.203518,-0.40398249595507346
0.203518,0.5514769744870444
0.203518,0.9999110578521441
0.203518,0.5290315259540843
0.203518,-0.42823715115227945
0.203518,-0.9917865664060436
0.203518,-0.643491986364181
0.203518,0.29642615832557057
0.203518,0.963811460090061
0.203518,0.7450729502920265
0.203518,-0.15868219392454155
0.203518,-0.9165456608473167
0.203518,-0.8317412740539448
0.203518,0.01776220433321534
0.203518,0.8509351939710194
0.203518,0.9017622905605737
0.203518,0.12351329589860735
0.203518,-0.7682932534017909
0.203518,-0.9537345286904526
0.203518,-0.26231667667323905
0.203518,0.670273918142016
0.203518,0.986617763744047
0.203518,0.39586978738073614
0.203518,-0.558839045853363
0.203518,-0.9997538375481824
0.203518,-0.521499561602246
0.203518,0.43621900626234744
0.203518,0.9928798314963556
0.203518,0.6366915185525545
0.203518,-0.30486804029509035
0.203518,-0.9661333288664309
0.203518,-0.7391400904300984
0.203518,0.16741513842849595
0.203518,0.9200496610903988
0.203518,0.8267947683721899
0.203518,-0.026611421427981424
0.203518,-0.8555511930921242
0.203518,-0.8979011434038442
0.203518,-0.11472492335334811
0.203518,0.773928862147125
0.203518,0.9510360209453427
0.203518,0.2537650480137331
0.203518,-0.6768163397642243
0.203518,-0.9851359060614224
0.203518,-0.38772606351274697
0.203518,0.5661573337391944
0.203518,0.9995182893196364
0.203518,0.5139267392143615
0.203518,-0.4441666848300092
0.203518,-0.9938953072212839
0.203518,-0.6298411677363565
0.203518,0.3132860367040136
0.203518,0.9683795037912949
0.203518,0.7331493210037495
0.203518,-0.1761349664233212
0.203518,-0.9234815780088051
0.203518,-0.8217834856264904
0.203518,0.03545855359210518
0.203518,0.8601001621636173
0.203518,0.8939696481970214
0.203518,0.1059275624303434
0.203518,-0.7795038357248096
0.203518,-0.9482630021806919
0.203518,-0.2451935375705356
0.203518,0.6833057347140384
0.203518,0.9835768657283723
0.203518,0.37955196238915595
0.203518,-0.5734312647770955
0.203518,-0.9992044316210529
0.203518,-0.5063136520999421
0.203518,0.4520795641768173
0.203518,0.9948329140211382
0.203518,0.6229414706214662
0.203518,-0.32167948802580176
0.203518,-0.9705498088831128
0.203518,-0.7271011113730546
0.203518,0.1848409947348159
0.203518,0.926841142721418
0.203518,0.8167078184368716
0.203518,-0.044302907677458626
0.203518,-0.86458174478646
0.203518,-0.889968112961789
0.203518,-0.09712190237828329
0.203518,0.7850177373512154
0.203518,0.945415689654786
0.203518,0.23660281689758147
0.203518,-0.6897415945654649
0.203518,-0.981940764891358
0.203518,-0.3713481244279862
0.203518,0.5806602690748583
0.203518,0.998812289042307
0.203518,0.49866089672312836
0.203518,-0.459957024350746
0.203518,-0.9956925784370406
0.203518,-0.6159929677799073
0.203518,0.3300477366569554
0.203518,0.9726440741045344
0.203518,0.7209959353983679
0.203518,-0.19353254126994537
0.203518,-0.9301280920157128
0.203518,-0.8115681644677003
0.203518,0.0531437907535685
0.203518,0.8689955898411542
0.203518,0.8858968512072711
0.203518,0.08830863309607147
0.203518,-0.7904701350275293
0.203518,-0.9424943064466191
0.203518,-0.22799355905387356
0.203518,0.6961234150868356
0.203518,0.9802277317343164
0.203518,0.36311519237705925
0.203518,-0.5878437802601598
0.203518,-0.9983418923066761
0.203518,-0.49096907265595835
0.203518,0.46779844817476307
0.203518,0.9964742331166823
0.203518,0.6089962036074961
0.203518,-0.33839012696853565
0.203518,-0.9746621353757209
0.203518,-0.7148342714031982
0.203518,0.20220892507028168
0.203518,0.9333421683683804
0.203518,0.8063649263965291
0.203518,-0.06198051016190544
0.203518,-0.8733413515152515
0.203518,-0.8817561819054704
0.203518,-0.07948844507877358
0.203518,0.7958606015736018
0.203518,0.9394990814384173
0.203518,0.21936643855075033
0.203518,-0.7024506962803133
0.203518,-0.9784379004686174
0.203518,-0.35485381126363746
0.203518,0.5949812355249355
0.203518,0.9977932782684322
0.203518,0.48323878253139313
0.203518,-0.47560322129518384
0.203518,-0.997177816819599
0.203518,-0.6019517262811898
0.203518,0.3467060053575308
0.203518,0.9766038345872008
0.203518,0.7086166021367329
0.203518,-0.21086946636535486
0.203518,-0.9364831199655037
0.203518,-0.8010985118825478
0.203518,0.07081237357015184
0.203518,0.8776186893304462
0.203518,0.8775464294662774
0.203518,0.07066202936351883
0.203518,-0.8011887146614145
0.203518,-0.9364302492977055
0.203518,-0.21072213129903983
0.203518,0.7087229424210653
0.203518,0.9765714113225485
0.203518,0.3465646283438878
0.203518,-0.6020720756694737
0.203518,-0.9971664899099553
0.203518,-0.47547063199610207
0.203518,0.4833707322298039
0.203518,0.9978032744219705
0.203518,0.5948600877161377
0.203518,-0.35499472029806434
0.203518,-0.9784690196122566
0.203518,-0.7023434147360162
0.203518,0.2195134866259111
0.203518,0.9395507007222859
0.203518,0.795769333534644
0.203518,-0.07963868902644415
0.203518,-0.8818272681692509
0.203518,-0.8732679237120532
0.203518,-0.06183007747535922
0.203518,0.8064540568481685
0.203518,0.9332880504589218
0.203518,0.20206131455610385
0.203518,-0.714939662096101
0.203518,-0.9746284105303279
0.203518,-0.33824829305217113
0.203518,0.6091157451462272
0.203518,0.9964615763383645
0.203518,0.46766522966301216
0.203518,-0.4911003724158074
0.203518,-0.9983505569209379
0.203518,-0.5877218435224411
0.203518,0.3632556223924401
0.203518,0.9802575443188444
0.203518,0.6960152006877834
0.203518,-0.22814030861707352
0.203518,-0.9425446703023311
0.203518,-0.7903778088790765
0.203518,0.08845876501358538
0.203518,0.8859667583012527
0.203518,0.8689209998517899
0.203518,0.05299328137309047
0.203518,-0.81165621560899
0.203518,-0.9300727311045811
0.203518,-0.1933846668727768
0.203518,0.7211003682427745
0.203518,0.9726090503206481
0.203518,0.3299054569501611
0.203518,-0.6161116921033395
0.203518,-0.9956785927816724
0.203518,-0.4598231870636247
0.203518,0.49879153625744566
0.203518,0.998819621438444
0.203518,0.5805375529616218
0.203518,-0.371488064422021
0.203518,-0.9819692685810417
0.203518,-0.6896324557899539
0.203518,0.23674925645140169
0.203518,0.9454647941364738
0.203518,0.7849243603267638
0.203518,-0.09727191050322355
0.203518,-0.8900368354089458
0.203518,-0.8645059984548472
0.203518,-0.044152333395038934
0.203518,0.8167947833692505
0.203518,0.9267845431459862
0.203518,0.18469286804020318
0.203518,-0.7272045781869426
0.203518,-0.9705134889047492
0.203518,-0.3215367736757958
0.203518,0.6230593684278799
0.203518,0.9948176005844565
0.203518,0.4519451186001038
0.203518,-0.5064436211734845
0.203518,-0.9992104312245924
0.203518,-0.5733077789028065
0.203518,0.3796914013979365
0.203518,0.9836040582900275
0.203518,0.6831956801127874
0.203518,-0.24533965564184546
0.203518,-0.9483108434411563
0.203518,-0.7794094151401889
0.203518,0.10607743500999182
0.203518,0.8940371806131415
0.203518,0.86002326542427
0.203518,0.03530792620481886
0.203518,-0.8218693575364985
0.203518,-0.9234237442034923
0.203518,-0.17598659903657765
0.203518,0.733251813680783
0.203518,0.9683418904640229
0.203518,0.31314289889206726
0.203518,-0.6299582297887875
0.203518,-0.9938786672030538
0.203518,-0.4440316414971394
0.203518,0.5140560276444147
0.203518,0.9995229556605263
0.203518,0.5660330877786267
0.203518,-0.38786499061161595
0.203518,-0.9851617853645876
0.203518,-0.6767053779597041
0.203518,0.2539108331545893
0.203518,0.9510825952363544
0.203518,0.7738334053999244
0.203518,-0.11487464864560613
0.203518,-0.8979674804979512
0.203518,-0.8554731519696874
0.203518,-0.026460752737064126
0.203518,0.8268795405320025
0.203518,0.9199905975863218
0.203518,0.1672665419737925
0.203518,-0.7392416009402618
0.203518,-0.9660944251371497
0.203518,-0.30472449023565196
0.203518,0.6368077356795173
0.203518,0.992861866200276
0.203518,0.4360833757535898
0.203518,-0.5216281592594221
0.203518,-0.9997571702608278
0.203518,-0.558714049540841
0.203518,0.3960081916851428
0.203518,0.9866423277611509
0.203518,0.6701620578277746
0.203518,-0.26246211746178244
0.203518,-0.9537798323630459
0.203518,-0.7681967679707804
0.203518,0.12366286217291594
0.203518,0.9018274271353413
0.203518,0.8508560145797973
0.203518,0.017611506143138743
0.203518,-0.8318249398218998
0.203518,-0.9164853722719367
0.203518,-0.15853338004399595
0.203518,0.7451734706822545
0.203518,0.9637712690067693
0.203518,0.29628220726538684
0.203518,-0.6436073494603881
0.203518,-0.9917672772396455
0.203518,-0.428100944093906
0.203518,0.5291594227631156
0.203518,0.9999130566754362
0.203518,0.5513512376156806
0.203518,-0.40412036662142653
0.203518,-0.9880455694833501
0.203518,-0.66356623236788
0.203518,0.27099283859415124
0.203518,0.9564023435002251
0.203518,0.7624999444675773
0.203518,-0.13244138705990416
0.203518,-0.9056167181092594
0.203518,-0.8461722149944356
0.203518,-0.008760879736830363
0.203518,0.8367051679479498
0.203518,0.9129083428849631
0.203518,0.14978779746606605
0.203518,-0.7510469581613124
0.203518,-0.9613726040856847
0.203518,-0.28781671141059484
0.203518,0.6503565384006261
0.203518,0.9905949860791541
0.203518,0.42008497191934335
0.203518,-0.5366492281020062
0.203518,-0.9999906026910859
0.203518,-0.5439452288589227
0.203518,0.4122008798541881
0.203518,0.9893714005911104
0.203518,0.6569184183445477
0.203518,-0.2795023281934896
0.203518,-0.9589499231814597
0.203518,-0.7567433812205466
0.203518,0.14120953553363158
0.203518,0.909335056539327
0.203518,0.8414221201762355
0.203518,-9.043305996889882e-05
0.203518,-0.8415198425578914
0.203518,-0.9092597896756763
0.203518,-0.14103047943200392
0.203518,0.7568616032060743
0.203518,0.9588986183026018
0.203518,0.2793286659192636
0.203518,-0.6570547737201031
0.203518,-0.9893450845645446
0.203518,-0.41203608725896307
0.203518,0.5440969884707371
0.203518,0.9999898022322627
0.203518,0.5364966035106962
0.203518,-0.4202490982977543
0.203518,-0.9906197172092625
0.203518,-0.6502191365954637
0.203518,0.28798991956502257
0.203518,0.9614223718109872
0.203518,0.7509275292403622
0.203518,-0.14996662063412206
0.203518,-0.9129821511040995
0.203518,-0.8366061022818767
0.203518,0.008941738771590156
0.203518,0.846268586435398
0.203518,0.9055399984980432
0.203518,0.13226211205325097
0.203518,-0.7626169502553196
0.203518,-0.9563495054874062
0.203518,-0.2708187358060818
0.203518,0.6637015306307652
0.203518,0.9880176706221142
0.203518,0.4039549207204277
0.203518,-0.5515021203580568
0.203518,-0.9999106553616806
0.203518,-0.5290059451500206
0.203518,0.4282643913966589
0.203518,0.9917904215356813
0.203518,0.6434689119906669
0.203518,-0.29645494772964054
0.203518,-0.9638194956793541
0.203518,-0.7450528441828046
0.203518,0.15871195626818388
0.203518,0.9165577160638908
0.203518,0.8317245386329278
0.203518,-0.01779234392291962
0.203518,-0.8509510275296328
0.203518,-0.9017492607873272
0.203518,-0.12348338230693397
0.203518,0.7683125483936604
0.203518,0.9537254653559767
0.203518,0.2622875878003373
0.203518,-0.6702962883777479
0.203518,-0.9866128482510428
0.203518,-0.39584210544059495
0.203518,0.5588640435925373
0.203518,0.9997531682802758
0.203518,0.5214738406490854
0.203518,-0.4362461311750444
0.203518,-0.9928834218489483
0.203518,-0.636668273391427
0.203518,0.30489674947599804
0.203518,0.9661411069785915
0.203518,0.739119786313062
0.203518,-0.16744485726316327
0.203518,-0.9200614712831593
0.203518,-0.8267778116862851
0.203518,0.02664155509373045
0.203518,0.8555667989843964
0.203518,0.8978878735372546
0.203518,0.11469497798204223
0.203518,-0.7739479513868687
0.203518,-0.9510267034945383
0.203518,-0.25373589029368065
0.203518,0.6768385302801764
0.203518,0.9851307275152447
0.203518,0.3876982770359131
0.203518,-0.5661821813880273
0.203518,-0.9995173533267221
0.203518,-0.5139008801272689
0.203518,0.4441936922858625
0.203518,0.9938986325155377
0.203518,0.6298177536088091
0.203518,-0.3133146634124747
0.203518,-0.9683870238169294
0.203518,-0.7331288204696695
0.203518,0.1761646394206257
0.203518,0.9234931422524565
0.203518,0.8217663090042067
0.203518,-0.03548867897301029
0.203518,-0.8601155391668699
0.203518,-0.8939561392767458
0.203518,-0.10589758762554134
0.203518,0.7795227177168391
0.203518,0.9482534313435556
0.203518,0.2451643132877585
0.203518,-0.6833277437716457
0.203518,-0.9835714245347456
0.203518,-0.3795240735526223
0.203518,0.573455960388843
0.203518,0.9992032289764632
0.203518,0.5062876569049047
0.203518,-0.452106452059868
0.203518,-0.9948359739965252
0.203518,-0.6229178893619306
0.203518,0.32170803001899356
0.203518,0.9705570702330485
0.203518,0.7270804160280906
0.203518,-0.18487061956996106
0.203518,-0.9268524601099338
0.203518,-0.8166904232239494
0.203518,0.04433302241328026
0.203518,0.8645968916959479
0.203518,0.8899543660462135
0.203518,0.0970919004884274
0.203518,-0.7850364106161789
0.203518,-0.9454058661811658
0.203518,-0.23657352834172077
0.203518,0.689763420440379
0.203518,0.9819350614765846
0.203518,0.3713201354167654
0.203518,-0.5806848107146881
0.203518,-0.9988108198402659
0.203518,-0.4986347674567973
0.203518,0.4599837905544034
0.203518,0.9956953728538205
0.203518,0.6159692212359092
0.203518,-0.3300761916986924
0.203518,-0.9726510762098645
0.203518,-0.7209750468639425
0.203518,0.19356211562190795
0.203518,0.9301391616624073
0.203518,0.8115505520270061
0.203518,-0.0531738924849011
0.203518,-0.8690105054701593
0.203518,-0.8858828673734284
0.203518,-0.08827860647172615
0.203518,0.7904885981024289
0.203518,0.9424842311061572
0.203518,0.22796420851960592
0.203518,-0.6961450560690602
0.203518,-0.9802217665452432
0.203518,-0.36308710538401223
0.203518,0.587868166005303
0.203518,0.9983401566622914
0.203518,0.49094281136548873
0.203518,-0.4678250906019699
0.203518,-0.9964767617559203
0.203518,-0.6089722936395112
0.203518,0.3384184928294446
0.203518,0.9746688776878502
0.203518,0.7148131913158698
0.203518,-0.2022384466219937
0.203518,-0.9333529894059777
0.203518,-0.8063470981079486
0.203518,0.06201059653036232
0.203518,0.8733560346951758
0.203518,0.8817419622489547
0.203518,0.07945839607244107
0.203518,-0.795878853011907
0.203518,-0.9394887550204882
0.203518,-0.21933702833760824
0.203518,0.7024721506743378
0.203518,0.9784316739726002
0.203518,0.3548256284893018
0.203518,-0.5950054634648368
0.203518,-0.9977912763176868
0.203518,-0.48321239127428384
0.203518,0.4756297378585802
0.203518,0.9971800794831833
0.203518,0.6019276547624973
0.203518,-0.34673427981522564
0.203518,-0.9766103165778877
0.203518,-0.7085953321480677
0.203518,0.21089893280388508
0.203518,0.9364936915462055
0.203518,0.8010804691428774
0.203518,-0.07084244221854993
0.203518,-0.8776331389109034
0.203518,-0.877531975101159
0.203518,-0.07063196032945498
0.203518,0.801206753033176
0.203518,0.9364196726113553
0.203518,0.21069266371123146
0.203518,-0.7087442085459975
0.203518,-0.9765649240074158
0.203518,-0.3465363519963052
0.203518,0.6020961439059417
0.203518,0.9971642218096964
0.203518,0.47544411284003446
0.203518,-0.48339712085189107
0.203518,-0.9978052709326276
0.203518,-0.5948358565326741
0.203518,0.35502290113732016
0.203518,0.9784752407736554
0.203518,0.7023219565124583
0.203518,-0.21954289564264626
0.203518,-0.9395610220178386
0.203518,-0.7957510777574821
0.203518,0.07966873759898874
0.203518,0.8818414830181569
0.203518,0.8732532357707915
0.203518,0.06179999076938898
0.203518,-0.8064718807401303
0.203518,-0.9332772243328045
0.203518,-0.2020317919023325
0.203518,0.7149607382857996
0.203518,0.9746216629043428
0.203518,0.33821992534671463
0.203518,-0.6091396517935828
0.203518,-0.9964590422662916
0.203518,-0.46763858468568814
0.203518,0.49112663102911036
0.203518,0.9983522871222469
0.203518,0.5876974545726518
0.203518,-0.36328370740536675
0.203518,-0.9802635041635444
0.203518,-0.6959935559105248
0.203518,0.2281696579078992
0.203518,0.9425547405040898
0.203518,0.7903593414947124
0.203518,-0.08848879115605462
0.203518,-0.8859807373049136
0.203518,-0.8689060794851441
0.203518,-0.052963179352423326
0.203518,0.8116738236246998
0.203518,0.9300616563868934
0.203518,0.1933550914660601
0.203518,-0.7211212528459787
0.203518,-0.9726020429124683
0.203518,-0.3298770001093613
0.203518,0.6161354352885634
0.203518,0.9956757929363228
0.203518,0.45979641835260393
0.203518,-0.4988176628046753
0.203518,-0.9988210851948485
0.203518,-0.5805130081563131
0.203518,0.37151605140823607
0.203518,0.9819749666421057
0.203518,0.6896106261548025
0.203518,-0.23677854371688278
0.203518,-0.9454746124554664
0.203518,-0.7849056827820657
0.203518,0.09730191186315293
0.203518,0.8900505774721458
0.203518,0.8644908468317865
0.203518,0.04412221841808424
0.203518,-0.8168121741291692
0.203518,-0.9267732207044014
0.203518,-0.18466324219769167
0.203518,0.7272252695674023
0.203518,0.9705062222633856
0.203518,0.3215082299291668
0.203518,-0.6230829462907598
0.203518,-0.9948145351851904
0.203518,-0.4519182282526401
0.203518,0.5064696136076988
0.203518,0.999211628421411
0.203518,0.5732830801649955
0.203518,-0.3797192881647377
0.203518,-0.9836094941210283
0.203518,-0.6831736673300343
0.203518,0.24536887858740644
0.203518,0.9483204091081449
0.203518,0.7793905288984901
0.203518,-0.10610740923685848
0.203518,-0.8940506846592281
0.203518,-0.8600078837318815
0.203518,-0.03527780063100106
0.203518,0.8218865296781087
0.203518,0.9234121749250919
0.203518,0.1759569250793735
0.203518,-0.7332723102173858
0.203518,-0.9683343651587963
0.203518,-0.31311427047593193
0.203518,0.6299816404820635
0.203518,0.9938753364900367
0.203518,0.4440046316200165
0.203518,-0.5140818839291789
0.203518,-0.9995238862039619
0.203518,-0.5660082370433905
0.203518,0.38789277497415287
0.203518,0.985166958539643
0.203518,0.6766831837539894
0.203518,-0.2539399894906939
0.203518,-0.9510919075018955
0.203518,-0.7738143119409093
0.203518,0.11490459339101299
0.203518,0.89798074546892
0.203518,0.855457541413084
0.203518,0.026430618926637908
0.203518,-0.8268964927099149
0.203518,-0.9199787823775267
0.203518,-0.16723682222676747
0.203518,0.7392619010271615
0.203518,0.9660866417576471
0.203518,0.3046957793929669
0.203518,-0.6368309773690272
0.203518,-0.9928582704344598
0.203518,-0.43605624846295626
0.203518,0.5216538773689684
0.203518,0.999757834077975
0.203518,0.5586890487551656
0.203518,-0.39603587146658814
0.203518,-0.986647237874957
0.203518,-0.6701396839379524
0.203518,0.262491204904113
0.203518,0.9537888904975496
0.203518,0.7681774687903683
0.203518,-0.12369277509077573
0.203518,-0.901840451991919
0.203518,-0.8508401763820226
0.203518,-0.017581366457004095
0.203518,0.8318416707079584
0.203518,0.9164733120584355
0.203518,0.15850361683560935
0.203518,-0.7451935727289959
0.203518,-0.9637632281627969
0.203518,-0.2962534162455665
0.203518,0.6436304203252101
0.203518,0.9917634167027485
0.203518,0.4280737015151094
0.203518,-0.5291850006825017
0.203518,-0.999913453714287
0.203518,-0.5513260887383075
0.203518,0.40414793965314666
0.203518,0.9880502161512134
0.203518,0.6635436805468822
0.203518,-0.2710218548637878
0.203518,-0.956411146794012
0.203518,-0.7624804410778052
0.203518,0.1324712658066232
0.203518,0.9056295018309847
0.203518,0.8461561503963682
0.203518,0.00873073653634763
0.203518,-0.8367216762313365
