Start,Output0,Start
90.5273,124.33,90.5273
90.6726,122.3,90.6726
92.7712,127.93,92.7712
93.0525,138.51,93.0525
93.1904,134.44,93.1904
93.0682,131.38,93.0682
92.6469,136.43,92.6469
93.0293,136.91,93.0293
92.9619,134.84,92.9619
92.4929,134.52,92.4929
92.0894,133.99,92.0894
92.5997,136.54,92.5997
93.0302,131.88,93.0302
93.0746,134.78,93.0746
93.2147,135.98,93.2147
92.5563,136.49,92.5563
93.4537,133.92,93.4537
93.8533,138.91,93.8533
93.703,139.69,93.703
94.0466,139.96,94.0466
94.1284,141.06,94.1284
94.5094,143.74,94.5094
93.8902,145.31,93.8902
93.0105,141.38,93.0105
92.9692,136.06,92.9692
93.2902,135.88,93.2902
94.4746,141.47,94.4746
94.3019,144.96,94.3019
93.3274,145.16,93.3274
92.8692,138.68,92.8692
93.0151,134.63,93.0151
92.1394,129.43,92.1394
92.139,128.94,92.139
91.7144,131.43,91.7144
91.6482,127.25,91.6482
91.3511,123.73,91.3511
91.1963,124.62,91.1963
91.4018,122.59,91.4018
91.4218,124.72,91.4218
90.7012,122.21,90.7012
91.0646,126.74,91.0646
91.0766,124.17,91.0766
90.565,125.03,90.565
89.2584,121.45,89.2584
88.724,118.71,88.724
89.3727,118.57,89.3727
88.3274,119.84,88.3274
87.611,115.42,87.611
87.1431,114.44,87.1431
87.6555,113.1,87.6555
87.9871,115.96,87.9871
87.0906,115.05,87.0906
87.2531,113.46,87.2531
87.1527,112.92,87.1527
87.0653,114.39,87.0653
89.4533,115.48,89.4533
88.5963,121.23,88.5963
87.3763,114.48,87.3763
88.0981,114.85,88.0981
88.3391,116.31,88.3391
88.4743,118.17,88.4743
88.4626,115.58,88.4626
85.8573,115.55,85.8573
85.498,109.63,85.498
85.3367,109.38,85.3367
85.0242,107.99,85.0242
84.5105,106.47,84.5105
83.716,106.35,83.716
82.5632,103.23,82.5632
82.5705,102.66,82.5705
81.8955,100.95,81.8955
80.189,101.19,80.189
78.0049,95.52,78.0049
78.1217,91.49,78.1217
80.3924,97.39,80.3924
81.5144,97.5,81.5144
84.2808,104.05,84.2808
84.3894,122.61,84.3894
84.8836,107.85,84.8836
84.2906,106.84,84.2906
84.4496,111.54,84.4496
82.5592,106.77,82.5592
81.55,96.29,81.55
80.9731,100.7,80.9731
79.474,98.23,79.474
79.5069,93.84,79.5069
77.4406,93.91,77.4406
76.6482,88.15,76.6482
75.37,90.18,75.37
75.8488,88.94,75.8488
71.7734,86.5,71.7734
71.6376,77.44,71.6376
72.0044,81.17,72.0044
66.6628,78.69,66.6628
64.703,74.38,64.703
66.0989,69.81,66.0989
67.0884,71.9,67.0884
66.0563,74.08,66.0563
63.828,71.29,63.828
65.3941,66.92,65.3941
62.0109,67.17,62.0109
61.0456,63.34,61.0456
60.6625,61.92,60.6625
64.6165,62.8,64.6165
62.2307,67.45,62.2307
61.5589,65.79,61.5589
61.8037,68.1,61.8037
63.693,63.93,63.693
62.4017,70.41,62.4017
58.4028,65.41,58.4028
58.9859,60.72,58.9859
59.1783,61.06,59.1783
57.2327,62.19,57.2327
55.2474,59.38,55.2474
54.2268,55.95,54.2268
53.6626,58.31,53.6626
53.778,57.18,53.778
52.2051,55.14,52.2051
51.5082,54.42,51.5082
49.0796,53.64,49.0796
48.2263,48.86,48.2263
52.5837,49.22,52.5837
50.7145,53.63,50.7145
52.4716,50.02,52.4716
50.9151,54.2,50.9151
48.9304,55.21,48.9304
47.712,47.05,47.712
47.1597,46.79,47.1597
40.1796,43.8,40.1796
43.3068,41.01,43.3068
43.0477,43.69,43.0477
42.6012,42,42.6012
46.8716,43.1,46.8716
45.7108,47.77,45.7108
48.328,46.27,48.328
45.1686,44.61,45.1686
43.4832,40.17,43.4832
42.793,36.73,42.793
41.2845,33.17,41.2845
38.2743,31.1,38.2743
49.1201,30.28,49.1201
52.0019,48.61,52.0019
49.493,48.56,49.493
46.2692,42.75,46.2692
45.6683,41.68,45.6683
44.1634,40.69,44.1634
46.3786,37.65,46.3786
45.5974,37.77,45.5974
45.6491,37.43,45.6491
46.7489,35.41,46.7489
44.5397,35.38,44.5397
43.1887,38.57,43.1887
45.76,42.56,45.76
46.4757,42.33,46.4757
51.1863,45.12,51.1863
46.2021,46.5,46.2021
46.2025,41.67,46.2025
46.4704,42.04,46.4704
47.5009,41.58,47.5009
46.3025,41.73,46.3025
46.4925,41.35,46.4925
47.0214,40.87,47.0214
47.2561,40.27,47.2561
47.8167,41.15,47.8167
50.4609,40.24,50.4609
49.1716,39.58,49.1716
47.5742,37.54,47.5742
50.4643,35.93,50.4643
46.7078,34.03,46.7078
42.9855,37.63,42.9855
42.6925,34.96,42.6925
45.7072,34.67,45.7072
45.536,39.6,45.536
44.6069,39.35,44.6069
43.4953,37.66,43.4953
45.7298,38.86,45.7298
48.4805,41.64,48.4805
47.7578,43.18,47.7578
45.9621,44.15,45.9621
46.0837,40.07,46.0837
49.3669,41.57,49.3669
47.7949,45.28,47.7949
46.8371,43.54,46.8371
47.8947,45.43,47.8947
48.3238,47.01,48.3238
46.5592,45.68,46.5592
45.5441,42.46,45.5441
48.297,46.91,48.297
47.4595,46.22,47.4595
48.839,47.33,48.839
48.5391,48.97,48.5391
51.2195,48.12,51.2195
52.3728,51.46,52.3728
54.7022,51.55,54.7022
54.2395,53.05,54.2395
54.3639,53.36,54.3639
54.7475,52.24,54.7475
53.779,53.87,53.779
52.1711,52.41,52.1711
49.4144,48.49,49.4144
49.2101,49.64,49.2101
53.8469,48.46,53.8469
53.4756,52.61,53.4756
53.8653,52.52,53.8653
53.6058,51.1,53.6058
54.8968,49.13,54.8968
55.1346,49.37,55.1346
53.7026,52.24,53.7026
54.8956,50.22,54.8956
54.2234,49.51,54.2234
54.6834,49.26,54.6834
54.8561,49.97,54.8561
51.8277,50.36,51.8277
51.6503,46.65,51.6503
51.453,47.41,51.453
53.2972,48.46,53.2972
51.8041,50.65,51.8041
53.3027,49.29,53.3027
55.9431,50.35,55.9431
55.8553,54.45,55.8553
57.5029,53.81,57.5029
58.8086,56.29,58.8086
58.3018,56.67,58.3018
58.274,58.58,58.274
58.7181,57.79,58.7181
58.9848,58.81,58.9848
58.4986,58,58.4986
58.5596,58.58,58.5596
58.7038,56.52,58.7038
59.207,58.99,59.207
60.8178,59.52,60.8178
59.9474,61.45,59.9474
60.4963,60.49,60.4963
60.7774,61.15,60.7774
62.5353,62.48,62.5353
64.2006,63.41,64.2006
65.3139,65.09,65.3139
66.4736,66.31,66.4736
67.2249,68.59,67.2249
66.1514,68.58,66.1514
67.2319,66.14,67.2319
67.294,68.8,67.294
68.1005,68.43,68.1005
69.1603,70.02,69.1603
69.9406,71.38,69.9406
69.2274,72.69,69.2274
67.794,72.13,67.794
69.1679,70.54,69.1679
68.1158,70.47,68.1158
68.7965,71.07,68.7965
69.1411,71.42,69.1411
66.147,69.6,66.147
66.3121,67.09,66.3121
67.7876,68.81,67.7876
68.0286,68.14,68.0286
67.5321,69.7,67.5321
68.6579,69.16,68.6579
67.5375,71.47,67.5375
67.8216,69.82,67.8216
65.8661,69.32,65.8661
63.9393,66.68,63.9393
62.7321,64.06,62.7321
61.3026,62.88,61.3026
60.8721,60.15,60.8721
60.2782,60.36,60.2782
60.1334,59.93,60.1334
61.9125,59.69,61.9125
62.5086,59.62,62.5086
63.1012,61.49,63.1012
64.2513,62.07,64.2513
65.0617,63.56,65.0617
65.9944,63.93,65.9944
65.5872,64.81,65.5872
67.4992,64.58,67.4992
68.021,66.1,68.021
68.6706,66.96,68.6706
67.8233,68.34,67.8233
65.8983,67.24,65.8983
68.0201,63.42,68.0201
68.8723,66.9,68.8723
70.7089,69.26,70.7089
71.2904,71.59,71.2904
71.6442,71.4,71.6442
71.7798,71.97,71.7798
71.5329,71.96,71.5329
71.2694,70.97,71.2694
69.8581,70.59,69.8581
71.4207,69.46,71.4207
71.2509,70.08,71.2509
69.6944,70.57,69.6944
67.9047,67.51,67.9047
67.91,66.72,67.91
70.6541,69.22,70.6541
71.2455,72.54,71.2455
71.2199,72.4,71.2199
71.6105,73.12,71.6105
70.8327,73.68,70.8327
69.3071,71.6,69.3071
69.2671,71.38,69.2671
70.6455,72.49,70.6455
68.1571,72.72,68.1571
67.9922,69.97,67.9922
67.1814,68.11,67.1814
66.604,68.03,66.604
65.9311,67.9,65.9311
68.2753,67.95,68.2753
68.6536,71.08,68.6536
68.1129,71.27,68.1129
67.9776,71.95,67.9776
66.6937,69.34,66.6937
66.4214,68.86,66.4214
67.8041,70.81,67.8041
69.8462,72.5,69.8462
69.2951,72.48,69.2951
67.5317,71.95,67.5317
68.5802,69.74,68.5802
67.0548,71.5,67.0548
65.3137,68.74,65.3137
65.0271,65.74,65.0271
65.6337,65.91,65.6337
65.0491,66.69,65.0491
65.9135,66.56,65.9135
66.8404,70.46,66.8404
66.4057,70.67,66.4057
65.5137,69.8,65.5137
67.8056,70.26,67.8056
67.2079,70.71,67.2079
67.7787,69.6,67.7787
68.4476,71.69,68.4476
69.3152,71.75,69.3152
69.3548,73.24,69.3548
70.2318,74.1,70.2318
70.8566,75.2,70.8566
71.7578,77.55,71.7578
72.5349,78.54,72.5349
73.6496,79.47,73.6496
74.008,81.03,74.008
73.6348,80.82,73.6348
72.8888,80.11,72.8888
73.0339,78.61,73.0339
72.0853,79.45,72.0853
73.3259,77.39,73.3259
71.9642,79.84,71.9642
72.3612,77.04,72.3612
72.4357,78.08,72.4357
73.9288,79.58,73.9288
73.8195,80.3,73.8195
72.3339,79.64,72.3339
73.3299,77.4,73.3299
73.2633,79.44,73.2633
73.2148,79.01,73.2148
72.1286,79.16,72.1286
71.9026,77.25,71.9026
73.3027,76.34,73.3027
73.4329,78.91,73.4329
74.1739,79.08,74.1739
72.8954,79.55,72.8954
72.3909,77.47,72.3909
73.8856,76.83,73.8856
72.2321,76.49,72.2321
72.9661,74.88,72.9661
72.6267,77.25,72.6267
73.6735,75.95,73.6735
73.1971,77.19,73.1971
73.6654,76.62,73.6654
73.6537,76.42,73.6537
73.6537,75.41,73.6537
72.7354,75.41,72.7354
72.7354,73.89,72.7354
71.9771,73.89,71.9771
71.9771,72.59,71.9771
71.1725,72.59,71.1725
71.1725,70.67,71.1725
69.4234,70.67,69.4234
69.4234,70.54,69.4234
68.8665,70.54,68.8665
68.8665,69.86,68.8665
69.6077,69.86,69.6077
69.6077,69.48,69.6077
69.6993,69.48,69.6993
69.6993,70.62,69.6993
70.9881,70.62,70.9881
70.9881,72.64,70.9881
69.6657,72.64,69.6657
69.6657,72.58,69.6657
70.0484,72.58,70.0484
70.0484,73.3,70.0484
70.6101,73.3,70.6101
70.6101,72.71,70.6101
69.9018,72.71,69.9018
69.9018,73.48,69.9018
71.3239,73.48,71.3239
71.3239,76.03,71.3239
72.1141,76.03,72.1141
72.1141,76.83,72.1141
74.4096,76.83,74.4096
74.5309,81.52,74.5309
75.0194,81.74,75.0194
75.2555,83.12,75.2555
74.9707,82.6,74.9707
75.0125,82.74,75.0125
74.5883,82.54,74.5883
73.5479,80.79,73.5479
73.5731,79.66,73.5731
73.1242,79.35,73.1242
72.1231,77.96,72.1231
72.069,78.98,72.069
71.4774,77.42,71.4774
70.5981,75.84,70.5981
70.2446,74.25,70.2446
70.5351,74.9,70.5351
70.61,74.67,70.61
69.2432,73.64,69.2432
69.6064,73.62,69.6064
69.8529,72.85,69.8529
71.3576,74.41,71.3576
72.4809,77.21,72.4809
69.6716,76.96,69.6716
68.8891,73.13,68.8891
68.56,71.15,68.56
69.0815,71.87,69.0815
69.0809,73.71,69.0809
70.3551,74.48,70.3551
69.7992,75.23,69.7992
71.9063,74.11,71.9063
71.949,76.98,71.949
72.9869,77.27,72.9869
73.1454,78.97,73.1454
73.1857,79.77,73.1857
72.8839,80.04,72.8839
73.2155,78.61,73.2155
71.6325,79.75,71.6325
72.8375,77.99,72.8375
72.6631,79.72,72.6631
73.5096,78.71,73.5096
74.1798,79.62,74.1798
73.7299,80.91,73.7299
74.4863,80.21,74.4863
74.339,81.5,74.339
74.2421,81.85,74.2421
75.097,81.5,75.097
74.6216,82.07,74.6216
74.5865,82.1,74.5865
73.2535,81.26,73.2535
74.6197,79.79,74.6197
75.0816,81.75,75.0816
74.9733,82.93,74.9733
74.0012,82.16,74.0012
73.8397,80.58,73.8397
74.456,81.26,74.456
73.8045,81.68,73.8045
74.1544,80.29,74.1544
73.7712,80.25,73.7712
74.8607,79.75,74.8607
74.6174,81.92,74.6174
75.1268,82.14,75.1268
76.3489,83.45,76.3489
77.603,84.53,77.603
77.3161,86.54,77.3161
76.3472,85.64,76.3472
76.4209,85.17,76.4209
77.6827,84.6,77.6827
76.7765,84.07,76.7765
77.9856,83.8,77.9856
78.5223,85.62,78.5223
77.4822,85.25,77.4822
76.5948,82.97,76.5948
77.4435,81.52,77.4435
77.352,82.98,77.352
77.3703,82.78,77.3703
78.127,82.89,78.127
78.4387,84.34,78.4387
77.8813,84.2,77.8813
77.376,82.43,77.376
79.1024,83.22,79.1024
77.7833,86.19,77.7833
76.1921,82.73,76.1921
75.0487,80,75.0487
72.9024,77.18,72.9024
73.8373,75.1,73.8373
74.3691,76.89,74.3691
74.1956,76.37,74.1956
74.5962,75.65,74.5962
72.8695,74.38,72.8695
71.3111,71.61,71.3111
72.0841,70.08,72.0841
70.0313,69.38,70.0313
68.5063,69.91,68.5063
69.1053,68.28,69.1053
66.8836,68.03,66.8836
69.202,64.78,69.202
71.1166,71.52,71.1166
70.7614,74.56,70.7614
70.815,74,70.815
70.6226,72.7,70.6226
70.8375,72.88,70.8375
70.0195,74.62,70.0195
69.5307,71.43,69.5307
69.7562,71.55,69.7562
71.1952,71.88,71.1952
71.5999,74.38,71.5999
70.9427,75.48,70.9427
72.0809,73.89,72.0809
72.1867,74.99,72.1867
72.6859,76.84,72.6859
73.5109,77.67,73.5109
73.2376,76.82,73.2376
74.0962,77.18,74.0962
73.8375,77.84,73.8375
72.1375,77.15,72.1375
72.1081,75.9,72.1081
72.7385,75.96,72.7385
73.0082,78.45,73.0082
71.5232,78.26,71.5232
71.9709,75.93,71.9709
69.9447,75.59,69.9447
69.9548,72.95,69.9548
70.813,72.06,70.813
70.7438,71.96,70.7438
71.738,74.05,71.738
72.1291,75.46,72.1291
71.609,76.08,71.609
72.8851,74.93,72.8851
72.9925,77.16,72.9925
72.3259,77.02,72.3259
72.3428,76.67,72.3428
72.7885,75.96,72.7885
72.801,76.53,72.801
72.4635,77.32,72.4635
73.556,76.27,73.556
73.3686,79.01,73.3686
73.7353,78.68,73.7353
72.3205,78.93,72.3205
73.0048,77.46,73.0048
74.1371,77.06,74.1371
73.5013,78.3,73.5013
75.9827,78.85,75.9827
76.4975,81.25,76.4975
75.6311,82,75.6311
75.7716,80.67,75.7716
74.8642,81.46,74.8642
73.6903,80.24,73.6903
72.9838,78.09,72.9838
72.086,75.68,72.086
71.7279,75.39,71.7279
73.0454,75.17,73.0454
72.0599,75.76,72.0599
71.9003,75.39,71.9003
71.0537,74.45,71.0537
70.8015,73.45,70.8015
69.2023,72.71,69.2023
69.2883,71.24,69.2883
71.6927,72.07,71.6927
72.0974,73.36,72.0974
72.6367,75.17,72.6367
72.3123,74.69,72.3123
72.3247,71.93,72.3247
71.958,73.97,71.958
72.0187,74.99,72.0187
72.4752,74.52,72.4752
73.4857,73.98,73.4857
73.7117,74.65,73.7117
73.5182,74.25,73.5182
74.0872,76.4,74.0872
74.2971,77.17,74.2971
74.0509,76.78,74.0509
74.2966,75.92,74.2966
73.4559,74.58,73.4559
74.5996,73.63,74.5996
74.2245,74.81,74.2245
73.3739,72.96,73.3739
73.6075,72.98,73.6075
74.2076,73.4,74.2076
73.6189,74.63,73.6189
74.44,76.51,74.44
74.2414,76.15,74.2414
75.3485,77.85,75.3485
76.3858,79.95,76.3858
76.7707,81.57,76.7707
76.7343,81.43,76.7343
77.5863,82.83,77.5863
76.9,83.21,76.9
77.008,81.34,77.008
76.5916,82.66,76.5916
76.5438,82.18,76.5438
77.0754,81.67,77.0754
76.8376,83.03,76.8376
75.9847,82.71,75.9847
76.1778,81.23,76.1778
75.5405,83.06,75.5405
75.8451,79.57,75.8451
75.628,81.93,75.628
75.3383,80.03,75.3383
75.97,81.15,75.97
76.3501,82,76.3501
75.6242,82.6,75.6242
76.5347,81.9,76.5347
76.2695,82.2,76.2695
77.1023,81.45,77.1023
77.4347,82.94,77.4347
77.7476,83.91,77.7476
78.4916,84.45,78.4916
78.5981,86.49,78.5981
78.6479,86.85,78.6479
79.0231,87.07,79.0231
79.0194,87.04,79.0194
79.094,87.77,79.094
78.1186,87.77,78.1186
77.829,84.89,77.829
77.0608,84.88,77.0608
76.7391,82.33,76.7391
76.9158,80.43,76.9158
76.6398,81.88,76.6398
76.201,81.65,76.201
76.217,81.24,76.217
77.3436,80.79,77.3436
77.4735,83.21,77.4735
78.0362,83.87,78.0362
78.0949,85.73,78.0949
79.702,84.12,79.702
80.2874,87.98,80.2874
80.5577,89.18,80.5577
80.3457,89.33,80.3457
79.8723,88.69,79.8723
79.9602,88.3,79.9602
79.7807,88.35,79.7807
80.1748,87.81,80.1748
80.2794,88.62,80.2794
80.5936,88.33,80.5936
80.4864,88.66,80.4864
80.4949,87.71,80.4949
80.5852,88.02,80.5852
81.3729,88.68,81.3729
81.5611,89.3,81.5611
81.5934,89.83,81.5934
81.3583,90.84,81.3583
81.5466,90.99,81.5466
81.5466,91.48,81.5466
81.1075,91.13,81.1075
82.5023,89.85,82.5023
81.5438,91.59,81.5438
82.1937,89.39,82.1937
82.1423,90.3,82.1423
81.8525,88.37,81.8525
82.1851,88.07,82.1851
82.8942,89.24,82.8942
83.3102,91.11,83.3102
83.3091,91.85,83.3091
83.3092,91.39,83.3092
83.2967,91.53,83.2967
83.5241,91.38,83.5241
82.679,90.85,82.679
82.9075,88.56,82.9075
82.8755,88.22,82.8755
82.8753,86.74,82.8753
82.5869,85.08,82.5869
82.7644,86.15,82.7644
82.9952,84.45,82.9952
83.7367,88.15,83.7367
84.2715,90.99,84.2715
84.599,89.54,84.599
84.7393,89.78,84.7393
83.9088,89.42,83.9088
83.9116,87.87,83.9116
83.84,86.3,83.84
84.1807,85.85,84.1807
84.3951,85.59,84.3951
84.0969,85.44,84.0969
85.2445,84.39,85.2445
85.0197,83.66,85.0197
85.1269,83.13,85.1269
85.3595,83.8,85.3595
84.921,85.05,84.921
86.4804,85.03,86.4804
87.3941,92.65,87.3941
88.5831,96.04,88.5831
87.8958,95.83,87.8958
88.1222,96.52,88.1222
88.4242,97.1,88.4242
89.3708,99.63,89.3708
88.7196,102.27,88.7196
89.0641,101.92,89.0641
89.2897,104.34,89.2897
88.1374,105.37,88.1374
88.9261,105.06,88.9261
88.6229,104.39,88.6229
88.6238,102.73,88.6238
88.3143,101.14,88.3143
87.7902,101.2,87.7902
87.7455,97.23,87.7455
88.6533,97.99,88.6533
88.6396,101.47,88.6396
88.8512,101.06,88.8512
89.0392,102.36,89.0392
89.045,104.53,89.045
88.9814,105.21,88.9814
88.9893,105.04,88.9893
89.122,104.89,89.122
89.025,103.54,89.025
88.9639,104.34,88.9639
89.3784,103.8,89.3784
89.8029,106.19,89.8029
90.152,107.55,90.152
90.7978,108.14,90.7978
90.8279,107.82,90.8279
90.8024,108.38,90.8024
91.5312,109.82,91.5312
91.5651,112.27,91.5651
90.4463,109.5,90.4463
90.7583,105.75,90.7583
90.7681,106.6,90.7681
91.182,107.73,91.182
90.5305,109.17,90.5305
90.452,106.7,90.452
91.1022,107.18,91.1022
90.9676,110.84,90.9676
91.5917,111.72,91.5917
91.6022,112.38,91.6022
91.0481,113.03,91.0481
90.4978,110.6,90.4978
88.0211,108.79,88.0211
88.5156,99.89,88.5156
88.3827,96.87,88.3827
89.6026,100.32,89.6026
89.0487,103.39,89.0487
88.2896,97.88,88.2896
88.3477,98.53,88.3477
88.5261,99.21,88.5261
87.2757,96.91,87.2757
88.1974,96.4,88.1974
88.3822,99.52,88.3822
87.8271,97.99,87.8271
87.499,99.15,87.499
88.1929,97.06,88.1929
88.7327,99.13,88.7327
88.891,100.78,88.891
88.8343,100.18,88.8343
89.443,100.58,89.443
89.1771,102.7,89.1771
88.6861,100.3,88.6861
88.8986,100.41,88.8986
88.9811,100.28,88.9811
89.1751,99.07,89.1751
89.7567,99.18,89.7567
90.126,100.77,90.126
89.8263,101.95,89.8263
90.2214,99.3,90.2214
88.7876,99.37,88.7876
88.793,94.83,88.793
88.5354,94.95,88.5354
88.1071,93.02,88.1071
88.0528,93.23,88.0528
88.4931,93.7,88.4931
86.9351,94.96,86.9351
85.8114,90.7,85.8114
85.7385,90.89,85.7385
86.7166,90.65,86.7166
87.9008,92.9,87.9008
87.9641,94.85,87.9641
87.4086,95.3,87.4086
88.3862,94.81,88.3862
88.4807,96.92,88.4807
89.498,96.67,89.498
89.4987,98.7,89.4987
89.4862,96.2,89.4862
89.4896,95.16,89.4896
89.7648,97.41,89.7648
89.4952,98.04,89.4952
89.6658,95.75,89.6658
89.4118,97.24,89.4118
89.6962,95.94,89.6962
89.7802,97.49,89.7802
89.7134,98.11,89.7134
89.8963,98.96,89.8963
89.7187,99.53,89.7187
89.6864,98.97,89.6864
89.649,99.61,89.649
89.6914,97.4,89.6914
89.123,97.48,89.123
89.2366,95.68,89.2366
89.1461,94.98,89.1461
88.5361,93.78,88.5361
87.5298,91.87,87.5298
86.5152,86.75,86.5152
85.2312,86.89,85.2312
85.4287,81.27,85.4287
85.4995,79.32,85.4995
86.8044,83.05,86.8044
86.9123,85.48,86.9123
87.378,85.19,87.378
87.874,86.65,87.874
86.9735,87.58,86.9735
87.2846,82.38,87.2846
87.1202,82.33,87.1202
87.5779,84.42,87.5779
88.031,85.35,88.031
88.0303,84.99,88.0303
88.1384,85.15,88.1384
89.04,85.37,89.04
89.2708,88.9,89.2708
89.2578,88.81,89.2578
89.1264,88.93,89.1264
88.4179,86.45,88.4179
89.5311,85.99,89.5311
89.6539,89.34,89.6539
88.9093,89.05,88.9093
88.818,87.24,88.818
88.6373,88.19,88.6373
88.3674,90.21,88.3674
89.3339,88.91,89.3339
89.2185,89.4,89.2185
88.3106,87.96,88.3106
88.7231,85.7,88.7231
88.6873,86.92,88.6873
87.2377,85.77,87.2377
87.2261,80.29,87.2261
86.8345,79.58,86.8345
87.3375,79.97,87.3375
87.0263,84.18,87.0263
86.5748,80.94,86.5748
86.0366,81.87,86.0366
85.4275,78.93,85.4275
84.8075,77.34,84.8075
85.4828,75.4,85.4828
85.6888,79.41,85.6888
86.4061,82.32,86.4061
87.3204,82.7,87.3204
87.2386,85.14,87.2386
88.1822,85.54,88.1822
88.1862,85.3,88.1862
88.7061,83.96,88.7061
88.3169,86.8,88.3169
88.0794,86.38,88.0794
87.9871,88.34,87.9871
87.1706,86.11,87.1706
87.9416,86.07,87.9416
87.9619,87.19,87.9619
88.0881,91.12,88.0881
87.6009,92.98,87.6009
88.1825,90.2,88.1825
87.4739,93.96,87.4739
86.9954,93.32,86.9954
86.5376,93.19,86.5376
87.7162,92.19,87.7162
87.6988,92.51,87.6988
88.1197,94.07,88.1197
88.8171,94.26,88.8171
89.0458,95.52,89.0458
88.9605,96.8,88.9605
88.4269,95.74,88.4269
88.7301,97.78,88.7301
88.2169,98.99,88.2169
88.0268,98.14,88.0268
88.0293,99.37,88.0293
87.2455,102.59,87.2455
86.8059,98.82,86.8059
86.218,97.67,86.218
86.7918,96.73,86.7918
86.4944,97.76,86.4944
86.2542,96.16,86.2542
87.2902,96.91,87.2902
87.8446,98.21,87.8446
87.8343,99.79,87.8343
87.3507,100.36,87.3507
87.5272,100.97,87.5272
87.5224,100.94,87.5224
87.4956,101.25,87.4956
86.9358,100.45,86.9358
86.8358,98.35,86.8358
86.8076,99.4,86.8076
87.249,97.77,87.249
86.1344,100.24,86.1344
85.7353,94.92,85.7353
85.5594,93.84,85.5594
85.7453,93.55,85.7453
86.8029,93.86,86.8029
86.8643,97.16,86.8643
87.1668,98.54,87.1668
87.2581,99.42,87.2581
86.7203,99.72,86.7203
86.5135,99.44,86.5135
86.8923,99.68,86.8923
88.4442,98.83,88.4442
88.505,103.22,88.505
88.0466,101.81,88.0466
87.7897,101.56,87.7897
88.4248,101.31,88.4248
87.9615,102.24,87.9615
88.3326,100.89,88.3326
87.4385,99.03,87.4385
87.637,98.69,87.637
87.4171,100.7,87.4171
87.3351,100.61,87.3351
87.0176,100.32,87.0176
87.3111,98.15,87.3111
86.9801,99.47,86.9801
87.0097,98.84,87.0097
87.1925,99.23,87.1925
87.6181,99.76,87.6181
87.5414,99.47,87.5414
87.5459,98.75,87.5459
88.0405,98.46,88.0405
87.752,97.63,87.752
88.2107,96.36,88.2107
89.0062,97.8,89.0062
89.3673,96.89,89.3673
89.4474,98.55,89.4474
89.7524,98.8,89.7524
89.6855,99.88,89.6855
89.8331,98.68,89.8331
89.7273,100.39,89.7273
90.2009,100.82,90.2009
90.3767,101.82,90.3767
90.3044,102.33,90.3044
90.3391,103.27,90.3391
90.8432,105.88,90.8432
91.1621,105.99,91.1621
91.2388,107.44,91.2388
91.5676,109.39,91.5676
91.052,108.49,91.052
90.6543,106.59,90.6543
91.4223,107.08,91.4223
91.4568,108.76,91.4568
91.6115,106.68,91.6115
91.2686,106.7,91.2686
91.3418,104.71,91.3418
91.8714,106.16,91.8714
91.8952,106.65,91.8952
91.7345,107.4,91.7345
91.9082,106.34,91.9082
91.6753,106.7,91.6753
90.9686,105.49,90.9686
91.2833,105.19,91.2833
91.4246,107.03,91.4246
91.1319,108.09,91.1319
91.0261,105.68,91.0261
90.7164,106.87,90.7164
91.31,104.98,91.31
91.4431,106.43,91.4431
91.3161,107.07,91.3161
91.1364,107.32,91.1364
90.8787,105.4,90.8787
90.918,102.79,90.918
91.1422,103.03,91.1422
90.8373,105.25,90.8373
90.9569,101.53,90.9569
90.5792,103.29,90.5792
90.2355,101.12,90.2355
90.2733,102.66,90.2733
90.2845,103.69,90.2845
89.5013,102.84,89.5013
88.9224,104.23,88.9224
89.3972,102.65,89.3972
89.6698,102.38,89.6698
89.3104,103.58,89.3104
89.5849,102.68,89.5849
89.5112,103.1,89.5112
89.9758,103.72,89.9758
89.8128,104.56,89.8128
89.5409,104.89,89.5409
89.1135,105.25,89.1135
87.9469,102.56,87.9469
87.6023,98.49,87.6023
88.0146,97.13,88.0146
88.1144,96.8,88.1144
88.188,97.1,88.188
87.6983,96.03,87.6983
87.8787,94.75,87.8787
87.408,93.97,87.408
87.2599,92.78,87.2599
86.8666,92.53,86.8666
87.1728,91.51,87.1728
87.3951,92.57,87.3951
86.5023,91.44,86.5023
86.6038,89.4,86.6038
86.8118,90.36,86.8118
86.7144,90.64,86.7144
85.4983,90.75,85.4983
85.5025,87.79,85.5025
83.6111,86.52,83.6111
83.6189,83.17,83.6189
84.5451,84.31,84.5451
84.144,85.05,84.144
83.1984,84.78,83.1984
83.5955,84.08,83.5955
82.8089,82.58,82.8089
83.0859,83.35,83.0859
82.7556,82.56,82.7556
83.0211,83.83,83.0211
82.2469,84.03,82.2469
82.218,83.26,82.218
81.5299,83.99,81.5299
79.6242,81.06,79.6242
79.624,77.91,79.624
79.376,79.33,79.376
80.0711,78.76,80.0711
80.9083,79.34,80.9083
80.4463,80.27,80.4463
81.8142,77.72,81.8142
82.2742,85.04,82.2742
84.0792,83.72,84.0792
84.6853,87.74,84.6853
83.5554,87.11,83.5554
84.0989,84.37,84.0989
83.802,85.93,83.802
83.8324,83.92,83.8324
83.8139,85.88,83.8139
84.8164,86.02,84.8164
84.8844,87.15,84.8844
85.6169,88.41,85.6169
86.1865,89.07,86.1865
86.7853,89.88,86.7853
86.5298,92.78,86.5298
85.5163,91.56,85.5163
85.4001,87.77,85.4001
84.9733,88.28,84.9733
85.8062,88.8,85.8062
86.3108,89.4,86.3108
86.3879,90.13,86.3879
86.1889,89.8,86.1889
86.464,88.08,86.464
86.7099,88.99,86.7099
87.3327,87.22,87.3327
87.4645,91.4,87.4645
88.1578,92.3,88.1578
88.4468,93.68,88.4468
88.4745,93.39,88.4745
88.3664,93.39,88.3664
88.737,92.94,88.737
88.5793,92.76,88.5793
89.1724,93.4,89.1724
88.9303,95.66,88.9303
89.0092,96,89.0092
89.148,96.03,89.148
89.0798,96.55,89.0798
89.5123,96.89,89.5123
89.0771,95.87,89.0771
88.5345,95.78,88.5345
88.2228,95.54,88.2228
88.1974,96.3,88.1974
88.1267,95.5,88.1267
88.5868,94.61,88.5868
88.8708,96.47,88.8708
88.4187,95.34,88.4187
88.7412,95.37,88.7412
88.5053,95.58,88.5053
88.5593,96.41,88.5593
88.8358,96.52,88.8358
88.8351,97.03,88.8351
89.1374,97.02,89.1374
89.5172,98.3,89.5172
89.3187,98.94,89.3187
88.4074,96.51,88.4074
87.0002,95.25,87.0002
87.2823,91.97,87.2823
87.8335,92.14,87.8335
87.2195,92.64,87.2195
87.6885,91.68,87.6885
87.1559,91.07,87.1559
87.8877,89.92,87.8877
87.8616,91.89,87.8616
88.2097,92.18,88.2097
88.1838,92.44,88.1838
87.2555,91.88,87.2555
87.6023,88.19,87.6023
88.0931,91.69,88.0931
88.2154,89.87,88.2154
88.6917,89.43,88.6917
89.1675,92.42,89.1675
89.1852,91.24,89.1852
88.9194,92.19,88.9194
88.874,91.83,88.874
88.8726,91.84,88.8726
88.4623,92.07,88.4623
88.2078,92.04,88.2078
88.0117,92,88.0117
87.3449,90,87.3449
86.6999,88.3,86.6999
86.7409,86.65,86.7409
86.7345,85.39,86.7345
87.126,85.59,87.126
87.2571,85.84,87.2571
87.2785,85.52,87.2785
87.4261,85.65,87.4261
87.1073,86.23,87.1073
86.4636,87.05,86.4636
86.0732,84.9,86.0732
87.2378,85.64,87.2378
86.913,88.62,86.913
86.6059,84.5,86.6059
87.0382,85.07,87.0382
87.5295,86.08,87.5295
87.104,85.56,87.104
87.3589,85.38,87.3589
87.4816,86.32,87.4816
86.4725,85.45,86.4725
87.4779,86.62,87.4779
87.4621,89.05,87.4621
87.6993,86.46,87.6993
87.5018,87.08,87.5018
87.5139,87.01,87.5139
87.2592,87.28,87.2592
86.9313,86.81,86.9313
87.6003,86.1,87.6003
87.835,87.64,87.835
87.4583,88.69,87.4583
87.1467,88.04,87.1467
86.8524,87.36,86.8524
86.5847,85.47,86.5847
86.9274,85.45,86.9274
86.7238,85.14,86.7238
87.5109,85.36,87.5109
87.514,86.35,87.514
87.2433,85.39,87.2433
87.2647,86.32,87.2647
87.4484,86.71,87.4484
87.4447,87.46,87.4447
87.6283,89.09,87.6283
87.1951,89.76,87.1951
87.4679,88.2,87.4679
87.4715,90.91,87.4715
88.3311,90.66,88.3311
88.2043,92.97,88.2043
88.1799,93.12,88.1799
88.3306,93.2,88.3306
88.3421,93.21,88.3421
88.3138,93.08,88.3138
87.5426,93.81,87.5426
87.8405,93.6,87.8405
87.9557,94.27,87.9557
87.738,93.26,87.738
87.7504,94.28,87.7504
87.9539,95.49,87.9539
88.2427,95.61,88.2427
88.509,96.09,88.509
88.7578,95.06,88.7578
88.564,95.35,88.564
88.5751,95.15,88.5751
88.9269,95.95,88.9269
88.9805,97.62,88.9805
89.0158,97.98,89.0158
89.0147,97.65,89.0147
89.1489,97.46,89.1489
89.3993,96.21,89.3993
89.2919,96.68,89.2919
89.4357,96.44,89.4357
89.8676,95.84,89.8676
89.7176,95.71,89.7176
89.6187,97.01,89.6187
89.7523,97.48,89.7523
89.7653,97.03,89.7653
89.4953,97.3,89.4953
89.4032,95.95,89.4032
89.1931,96.69,89.1931
88.6507,94.92,88.6507
88.5265,92.79,88.5265
88.7477,93.12,88.7477
88.3111,92.74,88.3111
88.1075,92.63,88.1075
88.096,92.84,88.096
87.4965,92.03,87.4965
87.4246,90.71,87.4246
87.5786,90.13,87.5786
87.5341,90.88,87.5341
87.5785,90.47,87.5785
87.1234,91.53,87.1234
87.0406,92.01,87.0406
86.9902,92.07,86.9902
86.687,92.44,86.687
86.8705,92.47,86.8705
87.246,93.03,87.246
87.0082,93.49,87.0082
86.4948,93.71,86.4948
86.9233,92.44,86.9233
86.3344,93.21,86.3344
86.3678,92.46,86.3678
86.4154,93.41,86.4154
86.5554,94.55,86.5554
86.9989,95.99,86.9989
86.984,96.53,86.984
87.0774,97.24,87.0774
87.3496,97.1,87.3496
86.7833,97.23,86.7833
85.9001,95.02,85.9001
85.5263,93.26,85.5263
85.2445,92.76,85.2445
85.5606,93.36,85.5606
85.8033,94.18,85.8033
85.4024,94.59,85.4024
84.321,93.44,84.321
83.8527,91.23,83.8527
83.3002,88.75,83.3002
82.892,88.73,82.892
83.1449,86.65,83.1449
83.7099,87.83,83.7099
83.8293,88.04,83.8293
84.3711,89.21,84.3711
84.7016,91.07,84.7016
84.9757,93.27,84.9757
85.1456,92.63,85.1456
84.6669,94.09,84.6669
84.226,93.22,84.226
85.7371,93.7,85.7371
85.9323,95.25,85.9323
85.4626,95.28,85.4626
85.3939,96.24,85.3939
84.5923,96.09,84.5923
84.8971,95.81,84.8971
85.0858,94.76,85.0858
84.6865,93.96,84.6865
85.632,93.95,85.632
85.4828,94.85,85.4828
85.7275,95.72,85.7275
85.2309,96.29,85.2309
84.8919,95.55,84.8919
84.2837,93.98,84.2837
84.5681,94.12,84.5681
85.4595,93.84,85.4595
84.8915,94.65,84.8915
84.7672,93.13,84.7672
84.2741,93.57,84.2741
84.7097,91.93,84.7097
84.8557,93.41,84.8557
85.3714,93.36,85.3714
85.3235,93.66,85.3235
85.5634,94.71,85.5634
85.4935,96.11,85.4935
84.6614,95.82,84.6614
85.2313,95.5,85.2313
85.3258,95.98,85.3258
85.9097,96.66,85.9097
86.1411,97.83,86.1411
85.9458,97.86,85.9458
86.0613,98.46,86.0613
85.0956,98.24,85.0956
84.247,94.89,84.247
84.6669,93.81,84.6669
84.3446,95.25,84.3446
85.1038,95.47,85.1038
85.0155,97,85.0155
85.2605,96.36,85.2605
85.5265,97.94,85.5265
86.247,99.65,86.247
86.677,101.92,86.677
86.7678,103.09,86.7678
86.8148,103.03,86.8148
86.9797,103.46,86.9797
86.9015,106.41,86.9015
87.1635,104.77,87.1635
87.1693,105.85,87.1693
87.2426,106.2,87.2426
87.3579,105.88,87.3579
87.3694,106.39,87.3694
87.2576,107.94,87.2576
87.0994,108,87.0994
87.2362,106.61,87.2362
86.9172,107.13,86.9172
86.8768,105.41,86.8768
86.7106,105.47,86.7106
86.8769,104.76,86.8769
86.679,104.61,86.679
86.8112,103.14,86.8112
87.4381,105.1,87.4381
87.3451,107.93,87.3451
87.3992,106.94,87.3992
87.0821,106.61,87.0821
86.9635,105.32,86.9635
86.6281,104.41,86.6281
86.9955,103.45,86.9955
87.2381,106.04,87.2381
87.6584,106.19,87.6584
87.5317,106.78,87.5317
87.9871,106.89,87.9871
87.8688,107.58,87.8688
87.6733,107.14,87.6733
87.6973,104.9,87.6973
87.606,103.93,87.606
88.073,104.93,88.073
88.1045,106.48,88.1045
88.9256,105.88,88.9256
89.2049,109.11,89.2049
89.3699,110.17,89.3699
89.1267,108.51,89.1267
89.0002,107.98,89.0002
89.0427,108.67,89.0427
89.0851,107.29,89.0851
89.4309,108.5,89.4309
88.9234,110.62,88.9234
88.069,109.62,88.069
88.1464,107.48,88.1464
88.3537,107.65,88.3537
88.4091,108.72,88.4091
87.7103,108.31,87.7103
87.1688,106.54,87.1688
87.1808,105.36,87.1808
87.6515,108.23,87.6515
87.5219,106.26,87.5219
87.0163,104.7,87.0163
86.7425,103.62,86.7425
87.291,103.22,87.291
87.1083,102.68,87.1083
87.2885,103.1,87.2885
86.7953,102.86,86.7953
86.6285,102.36,86.6285
87.179,102.09,87.179
87.3008,104.15,87.3008
87.279,103.29,87.279
87.3521,103.83,87.3521
87.6205,103.07,87.6205
87.1582,103.54,87.1582
87.933,101.63,87.933
87.6479,103.08,87.6479
87.4938,102.17,87.4938
87.6538,102.46,87.6538
87.6886,101.15,87.6886
87.3194,102.34,87.3194
87.2749,100.72,87.2749
87.2969,100.87,87.2969
87.327,99.28,87.327
86.7627,97.63,86.7627
86.4086,96.9,86.4086
86.1059,96.65,86.1059
86.935,97.4,86.935
86.8562,98.74,86.8562
86.9711,98.29,86.9711
86.695,96.81,86.695
86.1309,96.29,86.1309
85.8216,94.56,85.8216
85.8736,94.58,85.8736
86.0211,93.4,86.0211
85.2134,94.74,85.2134
85.6298,94.25,85.6298
86.1209,94.56,86.1209
86.2932,95.13,86.2932
86.4938,93.12,86.4938
86.9329,93.91,86.9329
86.9198,93.76,86.9198
87.0905,93.8,87.0905
86.9324,93.03,86.9324
86.9256,93.35,86.9256
87.4228,93.34,87.4228
87.8532,95.35,87.8532
87.6984,94.53,87.6984
88.0488,93.86,88.0488
87.8416,93.41,87.8416
87.7686,92.05,87.7686
87.8905,92.55,87.8905
88.337,93.61,88.337
88.3959,95.83,88.3959
88.0576,96.97,88.0576
87.8939,97.14,87.8939
87.473,97.48,87.473
87.1226,97.1,87.1226
87.2933,98.32,87.2933
87.1471,97.25,87.1471
86.8659,97.21,86.8659
87.542,96.27,87.542
87.1227,97.18,87.1227
87.3202,96.99,87.3202
87.6833,97.59,87.6833
88.0802,98.4,88.0802
87.9163,99.11,87.9163
88.0536,98.62,88.0536
87.5909,99.94,87.5909
86.3853,98.9,86.3853
86.4304,93.66,86.4304
86.5265,93.12,86.5265
86.6569,93.31,86.6569
86.6782,91.9,86.6782
86.342,91.36,86.342
86.8445,92.39,86.8445
86.5605,91.45,86.5605
86.8661,92.15,86.8661
86.6677,93.78,86.6677
86.9772,93.54,86.9772
87.1984,93.96,87.1984
87.3559,94.51,87.3559
87.3564,96.35,87.3564
87.1899,97.23,87.1899
87.0619,96.66,87.0619
87.1782,95.82,87.1782
87.0966,97.49,87.0966
87.2578,97.34,87.2578
86.8897,98.25,86.8897
86.3785,97.55,86.3785
86.5359,96.44,86.5359
86.4626,97.24,86.4626
86.8867,97.4,86.8867
87.4875,97.84,87.4875
87.5052,99.98,87.5052
87.2133,100.12,87.2133
87.0325,99.96,87.0325
87.1433,100.38,87.1433
87.0374,100.27,87.0374
87.4936,100.31,87.4936
87.5629,102.54,87.5629
87.2779,103.46,87.2779
87.1582,103.2,87.1582
87.3804,102.53,87.3804
87.2082,103.17,87.2082
87.2704,102.2,87.2704
87.0101,102.93,87.0101
87.1446,102.68,87.1446
87.8274,102.88,87.8274
87.2047,105.34,87.2047
86.8902,103.64,86.8902
86.8403,101.75,86.8403
87.1954,101.82,87.1954
86.9279,102.82,86.9279
86.9531,101.39,86.9531
86.8078,100.29,86.8078
86.6808,98.29,86.6808
86.8696,98.57,86.8696
86.5246,99.23,86.5246
86.4601,98.43,86.4601
86.1879,100.08,86.1879
86.1158,100.71,86.1158
86.5925,99.68,86.5925
86.3959,99.97,86.3959
86.5307,100.05,86.5307
86.1717,99.66,86.1717
86.3932,100.61,86.3932
86.4133,101.25,86.4133
86.1898,101.73,86.1898
86.1078,101.57,86.1078
85.3203,99.69,85.3203
85.834,99.6,85.834
86.3374,100.29,86.3374
85.8364,101.16,85.8364
86.1479,100.43,86.1479
86.6505,102.57,86.6505
86.5574,103.55,86.5574
86.6352,103.37,86.6352
86.7427,103.68,86.7427
87.1818,104.05,87.1818
87.3666,103.7,87.3666
87.3909,103.71,87.3909
87.0092,104.33,87.0092
86.9913,101.69,86.9913
87.3908,101.47,87.3908
87.313,102.2,87.313
87.1888,100.85,87.1888
87.0369,101.13,87.0369
87.2965,100.07,87.2965
87.2965,100.09,87.2965
86.9347,99.74,86.9347
86.8942,99.81,86.8942
86.8995,101.06,86.8995
86.921,100.52,86.921
86.9556,100.32,86.9556
87.0825,100.89,87.0825
87.4165,102.01,87.4165
87.3771,102.63,87.3771
87.7216,101.74,87.7216
87.704,102.31,87.704
87.5605,102.95,87.5605
87.8463,102.8,87.8463
87.721,104.31,87.721
87.5132,104.03,87.5132
87.3994,105.01,87.3994
87.1815,104.78,87.1815
87.4496,103.37,87.4496
87.2166,104.26,87.2166
87.2565,103.4,87.2565
87.1131,103.07,87.1131
87.1741,103.34,87.1741
86.9776,103.27,86.9776
87.2167,103.17,87.2167
87.2072,103.32,87.2072
87.4036,105.02,87.4036
88.09,105.04,88.09
88.3631,107.2,88.3631
88.4378,107.49,88.4378
88.6033,107.52,88.6033
88.666,106.95,88.666
88.9186,106.64,88.9186
88.747,107.08,88.747
88.4931,107.95,88.4931
88.5243,106.83,88.5243
88.274,106.64,88.274
88.2094,107.04,88.2094
88.2126,106.49,88.2126
87.754,106.46,87.754
87.6985,106.07,87.6985
87.5029,106.06,87.5029
87.1403,105.18,87.1403
87.0557,104.76,87.0557
86.7288,104.19,86.7288
86.4725,104.06,86.4725
86.2655,102.93,86.2655
86.1243,103.61,86.1243
85.7767,101.48,85.7767
85.7769,101.73,85.7769
86.0035,100.56,86.0035
86.2108,101.88,86.2108
86.2091,103.84,86.2091
86.1042,103.83,86.1042
86.3545,105.34,86.3545
86.4736,104.59,86.4736
86.1256,103.81,86.1256
86.4858,102.76,86.4858
86.4259,105.23,86.4259
86.5158,105.68,86.5158
86.3509,104.91,86.3509
85.848,104.29,85.848
85.3415,98.23,85.3415
85.4035,97.86,85.4035
85.1218,98.26,85.1218
85.5887,97.34,85.5887
85.5376,96.93,85.5376
85.3112,97.34,85.3112
85.3489,97.61,85.3489
84.7189,98.09,84.7189
84.9291,97.36,84.9291
84.5282,97.57,84.5282
83.8672,95.54,83.8672
84.0062,96.44,84.0062
84.0735,94.35,84.0735
84.2064,96.4,84.2064
84.1366,93.97,84.1366
84.2852,93.61,84.2852
84.2889,95.39,84.2889
84.2521,95.78,84.2521
84.3659,95.82,84.3659
84.5142,96.44,84.5142
84.1813,97.86,84.1813
84.4279,92.92,84.4279
84.5485,95.5,84.5485
83.9212,94.51,83.9212
83.9285,93.32,83.9285
83.3752,92.64,83.3752
82.6553,92.73,82.6553
82.7209,91.71,82.7209
82.6768,92.89,82.6768
82.7247,92.18,82.7247
83.108,92.86,83.108
83.2303,94.91,83.2303
82.8819,94.33,82.8819
82.8557,93.07,82.8557
82.2957,92.43,82.2957
82.0889,91.46,82.0889
81.9478,91.55,81.9478
82.2253,93.6,82.2253
82.1759,93.59,82.1759
82.4304,95.55,82.4304
82.0057,94.53,82.0057
81.9647,91.17,81.9647
80.5496,90.74,80.5496
80.3298,91.02,80.3298
80.262,89.76,80.262
80.3748,90.33,80.3748
80.0818,88.89,80.0818
80.1819,87.29,80.1819
79.3468,85.76,79.3468
78.9484,85.87,78.9484
78.2382,85.73,78.2382
77.0572,81.72,77.0572
77.0606,81.82,77.0606
77.6974,82.33,77.6974
77.2657,82.8,77.2657
77.6463,82.76,77.6463
78.2494,83.25,78.2494
78.0309,80.52,78.0309
78.0605,82.81,78.0605
77.8803,81.27,77.8803
77.8465,81.26,77.8465
78.5093,81.36,78.5093
77.8113,82.25,77.8113
77.135,81.06,77.135
77.5094,80.53,77.5094
76.0601,78.77,76.0601
76.4658,77.15,76.4658
76.0396,78.71,76.0396
76.6332,77.87,76.6332
76.475,78.71,76.475
75.4204,77.43,75.4204
75.1344,77.85,75.1344
73.6121,77.16,73.6121
73.4776,74.13,73.4776
73.0939,75.91,73.0939
73.3135,75.64,73.3135
73.3011,74.55,73.3011
73.5359,74.55,73.5359
74.45,75.63,74.45
74.6877,76.52,74.6877
73.5408,75.74,73.5408
73.4062,74.04,73.4062
70.0156,73.7,70.0156
69.5206,65.94,69.5206
68.8561,66.99,68.8561
67.7354,67.3,67.7354
67.4066,66.73,67.4066
67.4066,65.89,67.4066
65.7367,65.89,65.7367
65.7367,63.13,65.7367
66.0767,63.13,66.0767
66.0767,63.74,66.0767
64.0324,63.74,64.0324
64.0324,60.99,64.0324
64.2824,60.99,64.2824
64.2824,60.01,64.2824
62.7831,60.01,62.7831
62.7831,57.81,62.7831
62.3336,57.81,62.3336
62.3336,55.96,62.3336
61.6851,55.96,61.6851
61.6851,55.97,61.6851
61.3581,55.97,61.3581
61.3581,56.43,61.3581
60.5295,56.43,60.5295
60.5295,54.18,60.5295
60.5782,54.18,60.5782
60.5782,56.91,60.5782
60.1197,56.91,60.1197
60.1197,55.25,60.1197
60.7333,55.25,60.7333
60.7333,56.78,60.7333
59.7476,56.78,59.7476
59.7476,53.46,59.7476
57.8705,53.46,57.8705
57.8705,54.14,57.8705
53.9261,54.14,53.9261
53.0579,50.05,53.0579
52.0784,47.98,52.0784
52.4205,48.69,52.4205
50.7543,48.8,50.7543
50.0527,48.35,50.0527
48.3426,46.06,48.3426
49.0164,45.92,49.0164
50.776,48.49,50.776
50.5113,46.37,50.5113
49.6661,48.49,49.6661
49.6773,46.79,49.6773
49.2832,47.85,49.2832
49.8586,45.93,49.8586
49.2669,45.26,49.2669
49.7283,44.8,49.7283
50.2236,45.84,50.2236
49.7854,44.08,49.7854
50.6511,44.12,50.6511
54.5306,47.79,54.5306
56.8716,49.25,56.8716
57.435,53.04,57.435
58.2055,48.45,58.2055
58.1212,50.48,58.1212
59.0565,51.66,59.0565
58.0454,52.99,58.0454
56.0661,50.06,56.0661
58.4169,48.8,58.4169
61.7454,51.17,61.7454
62.0959,52.66,62.0959
62.0464,53.56,62.0464
60.5087,52.13,60.5087
62.2585,51.12,62.2585
61.307,49.95,61.307
61.7413,49.56,61.7413
61.3005,48.48,61.3005
62.5689,50.25,62.5689
62.9559,47.65,62.9559
62.0728,49.84,62.0728
62.4092,49.59,62.4092
60.8318,50.43,60.8318
61.7455,51.53,61.7455
60.8099,50.76,60.8099
60.4241,49.61,60.4241
58.1825,49.95,58.1825
58.6095,48.42,58.6095
58.7741,48.06,58.7741
57.2058,47.12,57.2058
54.7642,44.88,54.7642
54.9152,43.93,54.9152
55.2888,43.39,55.2888
55.6135,44.63,55.6135
56.4189,44.02,56.4189
56.3639,46,56.3639
56.1805,47.4,56.1805
56.6765,47.03,56.6765
59.0755,48.75,59.0755
58.595,51.41,58.595
56.5094,48.83,56.5094
56.2496,48.66,56.2496
57.9983,47.72,57.9983
57.9983,50.12,57.9983
58.0007,49.13,58.0007
59.5167,52.08,59.5167
58.5795,53.95,58.5795
58.2578,50.44,58.2578
58.9087,50.79,58.9087
59.6252,51.63,59.6252
60.9431,53.3,60.9431
61.5843,56.25,61.5843
62.4992,56.69,62.4992
62.4181,55.71,62.4181
61.5738,56.37,61.5738
61.5753,55.58,61.5753
63.5386,56.17,63.5386
63.765,56.59,63.765
63.6889,55.98,63.6889
63.5006,55.56,63.5006
64.5228,57.05,64.5228
64.4685,58.55,64.4685
64.9988,59.62,64.9988
65.5961,58.92,65.5961
66.1576,60.38,66.1576
65.2257,60.93,65.2257
64.4073,58.99,64.4073
63.6578,59.41,63.6578
65.3432,59.23,65.3432
66.2378,60.72,66.2378
65.7004,60.5,65.7004
65.0528,59.89,65.0528
65.3895,59.73,65.3895
64.157,59.44,64.157
64.1888,57.3,64.1888
65.0647,58.96,65.0647
65.064,60.18,65.064
62.7719,58.88,62.7719
62.5404,57.29,62.5404
61.579,57.51,61.579
63.9193,57.69,63.9193
63.9059,60.25,63.9059
63.6352,61.3,63.6352
61.753,59.67,61.753
61.7695,58,61.7695
62.5276,59.11,62.5276
63.9769,58.15,63.9769
65.0528,60.15,65.0528
64.3724,61.36,64.3724
63.946,60.74,63.946
62.2635,59.96,62.2635
62.078,59.53,62.078
62.0775,60.01,62.0775
62.5589,59.89,62.5589
61.0168,60.41,61.0168
61.9105,59.62,61.9105
62.7874,60.01,62.7874
62.7543,61.05,62.7543
61.6701,60.01,61.6701
61.5905,59.59,61.5905
60.7086,59.41,60.7086
61.727,58.34,61.727
62.7689,59.48,62.7689
62.8343,56.94,62.8343
59.2117,56.93,59.2117
57.1347,52.48,57.1347
57.9687,52.33,57.9687
59.7383,51.61,59.7383
59.645,52.76,59.645
59.5702,52.74,59.5702
59.2162,52.19,59.2162
59.329,53.05,59.329
59.3048,51.4,59.3048
58.533,50.9,58.533
58.5654,50.88,58.5654
58.1633,50.11,58.1633
58.5161,50.59,58.5161
58.0129,49.27,58.0129
56.7587,48.11,56.7587
56.5677,47.98,56.5677
56.7669,47.17,56.7669
57.1368,47.97,57.1368
56.7582,48.77,56.7582
55.8897,48.53,55.8897
52.4802,47.11,52.4802
52.1015,45.25,52.1015
52.0644,45.75,52.0644
50.9076,45.13,50.9076
50.6624,44.69,50.6624
51.373,43.87,51.373
50.4604,44.94,50.4604
51.3655,43.11,51.3655
51.1032,43.22,51.1032
50.8953,42.27,50.8953
50.8815,42.45,50.8815
50.1505,41.93,50.1505
48.9526,42.58,48.9526
48.8378,40.75,48.8378
47.0866,41,47.0866
44.8444,40.45,44.8444
45.1129,38.22,45.1129
45.0115,39.15,45.0115
47.7058,38.5,47.7058
51.0814,42.47,51.0814
51.8581,45.29,51.8581
50.801,45.38,50.801
53.3381,46.3,53.3381
51.661,46.75,51.661
51.9322,46.02,51.9322
51.1472,45.92,51.1472
50.894,44.13,50.894
50.0426,45.85,50.0426
49.0804,44.75,49.0804
49.1204,44.07,49.1204
52.3677,44.58,52.3677
51.3636,47.12,51.3636
50.4323,46.93,50.4323
50.7714,44.71,50.7714
49.8708,46.67,49.8708
51.1113,46.17,51.1113
50.2239,44.53,50.2239
50.4307,44.94,50.4307
49.2479,45.55,49.2479
50.7171,44.4,50.7171
50.4446,45.24,50.4446
50.6253,45.06,50.6253
49.741,44.75,49.741
52.4639,45.54,52.4639
54.1859,46.28,54.1859
54.4718,48.53,54.4718
54.8893,47.86,54.8893
54.8425,49.46,54.8425
53.8295,49.67,53.8295
51.9927,47.09,51.9927
51.3512,46.7,51.3512
50.9932,46.63,50.9932
52.0116,46.38,52.0116
50.6539,47.3,50.6539
50.1042,45.91,50.1042
49.9043,45.84,49.9043
49.7805,45.22,49.7805
49.5024,44.9,49.5024
49.7609,43.91,49.7609
48.7734,43.19,48.7734
50.744,43.21,50.744
51.1563,45.93,51.1563
51.119,46.02,51.119
51.0348,46.6,51.0348
51.12,46.12,51.12
50.1349,47.88,50.1349
50.3539,46.32,50.3539
49.3031,45.27,49.3031
48.6199,44.32,48.6199
49.6422,43.87,49.6422
48.2318,44.23,48.2318
48.2307,42.95,48.2307
45.2449,41.74,45.2449
43.5142,40.69,43.5142
44.5413,41.68,44.5413
44.7167,40.73,44.7167
45.4991,40.75,45.4991
45.7696,40.55,45.7696
46.9743,39.39,46.9743
47.6472,39.27,47.6472
46.8361,40.89,46.8361
46.3507,41.22,46.3507
45.197,40.57,45.197
45.277,39.93,45.277
44.7095,41.08,44.7095
42.9068,40,42.9068
42.6498,37.64,42.6498
42.2341,37.46,42.2341
41.8258,37.16,41.8258
40.0703,36.76,40.0703
39.5589,35.65,39.5589
40.785,36.31,40.785
40.0416,37.32,40.0416
39.324,35.55,39.324
39.8271,34.98,39.8271
38.2922,34.72,38.2922
38.2058,34.55,38.2058
38.7811,36.12,38.7811
40.1673,36.76,40.1673
39.9217,36.36,39.9217
38.6336,37.88,38.6336
39.3123,36.59,39.3123
38.5362,36.81,38.5362
36.7157,35.97,36.7157
36.3666,33.97,36.3666
34.2528,33.29,34.2528
32.5252,33.2,32.5252
31.3834,31.42,31.3834
30.7402,30.42,30.7402
31.0436,30.42,31.0436
31.0012,31.22,31.0012
29.3445,29.45,29.3445
27.7679,28.47,27.7679
29.608,26.68,29.608
32.9004,29.55,32.9004
32.1745,32.07,32.1745
33.4469,30.31,33.4469
34.4477,29.54,34.4477
35.7625,32.32,35.7625
35.9059,33.21,35.9059
35.1404,33.66,35.1404
33.494,31.62,33.494
35.0671,29.9,35.0671
35.4872,32.29,35.4872
35.0306,31.63,35.0306
34.2386,30.86,34.2386
32.5562,29.71,32.5562
31.9787,27.96,31.9787
31.0441,27.54,31.0441
34.4287,26.19,34.4287
33.6294,29.32,33.6294
35.9984,29.05,35.9984
35.9854,30.68,35.9854
34.2667,30.77,34.2667
36.4107,29.59,36.4107
34.5286,31.37,34.5286
34.0828,31.84,34.0828
35.566,30.35,35.566
38.7725,31.4,38.7725
38.951,31.65,38.951
38.7429,32.74,38.7429
39.4444,34.39,39.4444
38.7648,34.57,38.7648
40.7557,34.56,40.7557
42.2332,35.91,42.2332
42.3775,37.9,42.3775
43.5194,36.67,43.5194
41.8265,37.62,41.8265
42.6407,37.77,42.6407
41.2264,38.51,41.2264
40.6239,37.2,40.6239
41.5632,36.32,41.5632
42.5167,38.43,42.5167
42.4869,40.17,42.4869
43.1609,39.47,43.1609
43.8129,39.91,43.8129
42.0496,41.45,42.0496
41.5166,38.28,41.5166
41.5166,38.14,41.5166
39.8407,37.99,39.8407
39.8414,36.91,39.8414
39.8409,36.91,39.8409
39.4878,36.94,39.4878
39.0904,35.36,39.0904
38.909,34.3,38.909
40.929,34.52,40.929
40.2703,37.74,40.2703
43.9928,37.3,43.9928
44.8807,39.74,44.8807
46.3305,40.46,46.3305
46.1194,42.12,46.1194
46.3298,41.7,46.3298
44.6156,41.45,44.6156
44.9429,40.4,44.9429
46.3323,39.74,46.3323
46.4021,40.88,46.4021
46.7906,42.72,46.7906
47.2752,43.18,47.2752
46.2803,42.76,46.2803
47.2452,41.67,47.2452
47.4729,42.52,47.4729
48.868,45.29,48.868
48.9089,46.03,48.9089
46.4039,45.98,46.4039
46.3939,43.65,46.3939
47.6902,43.77,47.6902
47.8963,44.33,47.8963
45.7421,44.58,45.7421
47.3156,43.45,47.3156
49.3334,44.68,49.3334
49.6696,46.21,49.6696
50.261,46.64,50.261
51.617,46.22,51.617
51.8223,47.72,51.8223
52.0268,48.29,52.0268
50.2251,48.12,50.2251
51.6644,48.16,51.6644
50.9438,47.67,50.9438
51.5525,48.12,51.5525
51.9706,48.04,51.9706
52.5709,49.1,52.5709
52.174,49,52.174
52.3351,49.36,52.3351
51.9155,49.1,51.9155
52.137,49.07,52.137
51.6234,49.14,51.6234
52.0301,48.69,52.0301
52.7824,49.71,52.7824
53.6642,50.37,53.6642
53.5398,51.23,53.5398
52.7294,50.52,52.7294
52.4167,49.09,52.4167
51.0386,48.89,51.0386
50.6511,48.49,50.6511
48.9235,47.92,48.9235
49.7975,46.14,49.7975
51.3189,48,51.3189
51.5531,48.95,51.5531
51.7396,49.16,51.7396
49.9134,49.34,49.9134
48.3516,46.7,48.3516
49.5288,45.8,49.5288
51.5265,47.93,51.5265
51.2012,49.85,51.2012
50.824,48.27,50.824
48.9003,49.02,48.9003
48.9581,46.73,48.9581
49.1804,47.37,49.1804
47.8194,45.22,47.8194
47.3366,45.37,47.3366
49.9357,44.73,49.9357
47.9505,46.82,47.9505
49.2513,44.87,49.2513
49.4836,45.64,49.4836
48.6158,45.93,48.6158
48.954,45.23,48.954
49.0702,44.64,49.0702
48.265,44.96,48.265
47.5296,43.96,47.5296
47.0557,43.41,47.0557
46.8579,42.4,46.8579
46.0798,42.16,46.0798
45.1644,41.9,45.1644
44.0345,41.13,44.0345
43.4259,41.54,43.4259
43.2526,40.05,43.2526
43.7167,39.5,43.7167
44.6165,40.8,44.6165
45.7696,41.92,45.7696
46.538,41.83,46.538
46.6669,43.06,46.6669
45.4893,42.78,45.4893
47.5224,41.75,47.5224
48.3936,43.51,48.3936
51.3996,44.47,51.3996
51.6895,46.57,51.6895
52.5048,46.81,52.5048
52.4397,48.2,52.4397
51.2402,48.48,51.2402
51.8008,46.8,51.8008
50.7318,47.54,50.7318
52.3101,46.29,52.3101
52.6882,46.97,52.6882
52.6878,47.64,52.6878
51.0899,46.97,51.0899
51.0912,46.32,51.0912
48.3241,44.68,48.3241
49.2067,43.17,49.2067
49.4467,44.39,49.4467
50.2019,44.85,50.2019
52.2932,45.47,52.2932
51.4948,47.63,51.4948
50.9802,45.88,50.9802
49.7084,46.28,49.7084
48.9102,44.91,48.9102
49.0839,43.62,49.0839
48.5303,43.85,48.5303
49.2864,43.04,49.2864
48.511,43.34,48.511
49.2348,43.85,49.2348
50.4007,45.33,50.4007
49.9287,46.1,49.9287
49.8346,44.36,49.8346
48.2331,45.6,48.2331
48.758,44.65,48.758
51.5548,47.07,51.5548
51.3776,47.72,51.3776
51.7234,47.72,51.7234
51.9091,48.8,51.9091
52.613,48.67,52.613
53.1366,49.75,53.1366
53.4555,50.44,53.4555
54.4035,49.76,54.4035
53.4466,49.76,53.4466
52.578,50.72,52.578
52.361,50.14,52.361
51.9706,50.47,51.9706
52.3798,50.35,52.3798
52.838,49.97,52.838
54.6807,50.3,54.6807
53.3914,51.59,53.3914
53.2661,50.31,53.2661
52.8278,50.61,52.8278
52.1652,50.18,52.1652
52.0738,49.45,52.0738
52.2109,48.75,52.2109
50.9518,49.71,50.9518
49.4507,48.72,49.4507
49.0361,46.83,49.0361
47.565,46.66,47.565
47.1501,45.32,47.1501
46.3762,44.66,46.3762
46.1443,44.07,46.1443
,44.88,
